state,district,flood_probability,risk_level,rainfall_1d,rainfall_3d,rainfall_7d,rainfall_30d,rainfall_ml_probability,weather_probability,satellite_probability,final_flood_probability,alert,alert_priority,prediction_confidence,risk_evidence,alert_message
Rajasthan,Karauli,0.7436217485261879,HIGH,33.814995,526.3100249999995,666.4850247,7883.764822700001,0.743622,0.0,0.0,0.743622,True,2,MEDIUM,strong rainfall ML signal (74.4%),"HIGH flood risk detected in Karauli, Rajasthan. Probability: 74.4%. Confidence: MEDIUM. Evidence: strong rainfall ML signal (74.4%)."
Bihar,Siwan,0.7435493404733385,HIGH,14.774998,749.3999980000003,859.8899979999995,6509.5699415,0.743549,0.0,0.0,0.743549,True,2,MEDIUM,strong rainfall ML signal (74.4%),"HIGH flood risk detected in Siwan, Bihar. Probability: 74.4%. Confidence: MEDIUM. Evidence: strong rainfall ML signal (74.4%)."
Rajasthan,Dhaulpur,0.7422370647599058,HIGH,25.585001,373.800001,572.2850000039997,6785.249765904,0.742237,0.0,0.0,0.742237,True,2,MEDIUM,strong rainfall ML signal (74.2%),"HIGH flood risk detected in Dhaulpur, Rajasthan. Probability: 74.2%. Confidence: MEDIUM. Evidence: strong rainfall ML signal (74.2%)."
Arunachal Pradesh,Upper Dibang Valley,0.7415100702287214,HIGH,25.380001,225.33999100000057,471.57998129999976,4823.3698313,0.74151,0.0,0.0,0.74151,True,2,MEDIUM,strong rainfall ML signal (74.2%),"HIGH flood risk detected in Upper Dibang Valley, Arunachal Pradesh. Probability: 74.2%. Confidence: MEDIUM. Evidence: strong rainfall ML signal (74.2%)."
Madhya Pradesh,Tikamgarh,0.7399848414835876,HIGH,11.205001,640.0500009999995,705.9649979999999,6739.6098852000005,0.739985,0.0,0.0,0.739985,True,2,MEDIUM,strong rainfall ML signal (74.0%),"HIGH flood risk detected in Tikamgarh, Madhya Pradesh. Probability: 74.0%. Confidence: MEDIUM. Evidence: strong rainfall ML signal (74.0%)."
Madhya Pradesh,Bhind,0.7395784083805823,HIGH,72.104996,866.7849960000002,1095.304994,9842.654861,0.739578,0.0,0.0,0.739578,True,2,MEDIUM,strong rainfall ML signal (74.0%),"HIGH flood risk detected in Bhind, Madhya Pradesh. Probability: 74.0%. Confidence: MEDIUM. Evidence: strong rainfall ML signal (74.0%)."
Assam,Dibrugarh,0.7393726377663253,HIGH,39.004997,597.7449770000001,707.1049669999996,7547.55987,0.739373,0.0,0.0,0.739373,True,2,MEDIUM,strong rainfall ML signal (73.9%),"HIGH flood risk detected in Dibrugarh, Assam. Probability: 73.9%. Confidence: MEDIUM. Evidence: strong rainfall ML signal (73.9%)."
Sikkim,North Sikkim,0.7360303714918085,HIGH,198.705,579.9750000000005,646.6999999,8047.7249066,0.73603,0.0,0.0,0.73603,True,2,MEDIUM,strong rainfall ML signal (73.6%),"HIGH flood risk detected in North Sikkim, Sikkim. Probability: 73.6%. Confidence: MEDIUM. Evidence: strong rainfall ML signal (73.6%)."
Chhattisgarh,Kawardha,0.7352911128162591,HIGH,172.75,1163.12,1259.0699959,6344.0948409,0.735291,0.0,0.0,0.735291,True,2,MEDIUM,strong rainfall ML signal (73.5%),"HIGH flood risk detected in Kawardha, Chhattisgarh. Probability: 73.5%. Confidence: MEDIUM. Evidence: strong rainfall ML signal (73.5%)."
Madhya Pradesh,Balaghat,0.7346103802146158,HIGH,311.09,931.1900049999996,1019.8600040000006,4726.235033,0.73461,0.0,0.0,0.73461,True,2,MEDIUM,strong rainfall ML signal (73.5%),"HIGH flood risk detected in Balaghat, Madhya Pradesh. Probability: 73.5%. Confidence: MEDIUM. Evidence: strong rainfall ML signal (73.5%)."
Mizoram,Champhai,0.7339730967599148,HIGH,161.17,1255.69998,1442.6899849999998,8378.889847,0.733973,0.0,0.0,0.733973,True,2,MEDIUM,strong rainfall ML signal (73.4%),"HIGH flood risk detected in Champhai, Mizoram. Probability: 73.4%. Confidence: MEDIUM. Evidence: strong rainfall ML signal (73.4%)."
Uttar Pradesh,Azamgarh,0.7336711265466083,HIGH,38.315,628.3849500000006,787.5999500000003,6144.75478,0.733671,0.0,0.0,0.733671,True,2,MEDIUM,strong rainfall ML signal (73.4%),"HIGH flood risk detected in Azamgarh, Uttar Pradesh. Probability: 73.4%. Confidence: MEDIUM. Evidence: strong rainfall ML signal (73.4%)."
Orissa,Keonjhar,0.7327947721978245,HIGH,213.85999,882.8399899999998,1021.534988,6123.709870000001,0.732795,0.0,0.0,0.732795,True,2,MEDIUM,strong rainfall ML signal (73.3%),"HIGH flood risk detected in Keonjhar, Orissa. Probability: 73.3%. Confidence: MEDIUM. Evidence: strong rainfall ML signal (73.3%)."
Gujarat,Navsari,0.732628228060506,HIGH,391.055,705.6099800000002,839.7749759,4774.9849315,0.732628,0.0,0.0,0.732628,True,2,MEDIUM,strong rainfall ML signal (73.3%),"HIGH flood risk detected in Navsari, Gujarat. Probability: 73.3%. Confidence: MEDIUM. Evidence: strong rainfall ML signal (73.3%)."
Bihar,Purnia,0.731755094744771,HIGH,76.43,1027.8250000000007,1162.8349999999998,7345.784917,0.731755,0.0,0.0,0.731755,True,2,MEDIUM,strong rainfall ML signal (73.2%),"HIGH flood risk detected in Purnia, Bihar. Probability: 73.2%. Confidence: MEDIUM. Evidence: strong rainfall ML signal (73.2%)."
Gujarat,Rajkot,0.731561790713704,HIGH,110.635,898.6200300000008,1179.240021000001,8609.334964,0.731562,0.0,0.0,0.731562,True,2,MEDIUM,strong rainfall ML signal (73.2%),"HIGH flood risk detected in Rajkot, Gujarat. Probability: 73.2%. Confidence: MEDIUM. Evidence: strong rainfall ML signal (73.2%)."
West Bengal,North 24 Parganas,0.7309406348343687,HIGH,156.555,987.0100000000014,1145.2449949999996,8017.939965,0.730941,0.0,0.0,0.730941,True,2,MEDIUM,strong rainfall ML signal (73.1%),"HIGH flood risk detected in North 24 Parganas, West Bengal. Probability: 73.1%. Confidence: MEDIUM. Evidence: strong rainfall ML signal (73.1%)."
Nagaland,Kohima,0.7305885078258052,HIGH,21.965,827.51993,977.88493,7575.0547844,0.730589,0.0,0.0,0.730589,True,2,MEDIUM,strong rainfall ML signal (73.1%),"HIGH flood risk detected in Kohima, Nagaland. Probability: 73.1%. Confidence: MEDIUM. Evidence: strong rainfall ML signal (73.1%)."
Uttaranchal,Chamoli,0.729696485726155,HIGH,40.295,797.0250000000013,973.1899959999988,7074.369959,0.729696,0.0,0.0,0.729696,True,2,MEDIUM,strong rainfall ML signal (73.0%),"HIGH flood risk detected in Chamoli, Uttaranchal. Probability: 73.0%. Confidence: MEDIUM. Evidence: strong rainfall ML signal (73.0%)."
West Bengal,Nadia,0.7290072544783315,HIGH,53.96,696.30498,800.194973,4567.2148075000005,0.729007,0.0,0.0,0.729007,True,2,MEDIUM,strong rainfall ML signal (72.9%),"HIGH flood risk detected in Nadia, West Bengal. Probability: 72.9%. Confidence: MEDIUM. Evidence: strong rainfall ML signal (72.9%)."
Haryana,Jhajjar,0.7287877618504788,HIGH,50.53,441.5199899999999,604.4549899,4620.9049199,0.728788,0.0,0.0,0.728788,True,2,MEDIUM,strong rainfall ML signal (72.9%),"HIGH flood risk detected in Jhajjar, Haryana. Probability: 72.9%. Confidence: MEDIUM. Evidence: strong rainfall ML signal (72.9%)."
Gujarat,Panch Mahals,0.7279787189268387,HIGH,56.375,1075.8399400000003,1234.1399400000005,7910.739875599999,0.727979,0.0,0.0,0.727979,True,2,MEDIUM,strong rainfall ML signal (72.8%),"HIGH flood risk detected in Panch Mahals, Gujarat. Probability: 72.8%. Confidence: MEDIUM. Evidence: strong rainfall ML signal (72.8%)."
Madhya Pradesh,Morena,0.7277898422088953,HIGH,127.395,665.68504,802.6700399800004,8707.684751980001,0.72779,0.0,0.0,0.72779,True,2,MEDIUM,strong rainfall ML signal (72.8%),"HIGH flood risk detected in Morena, Madhya Pradesh. Probability: 72.8%. Confidence: MEDIUM. Evidence: strong rainfall ML signal (72.8%)."
Gujarat,Amreli,0.7268445354344619,HIGH,82.56,789.6399999999994,1174.859998,17761.064934,0.726845,0.0,0.0,0.726845,True,2,MEDIUM,strong rainfall ML signal (72.7%),"HIGH flood risk detected in Amreli, Gujarat. Probability: 72.7%. Confidence: MEDIUM. Evidence: strong rainfall ML signal (72.7%)."
Mizoram,Mamit,0.726080912898596,HIGH,37.17,1049.1950000000004,1157.929999,6930.3948378000005,0.726081,0.0,0.0,0.726081,True,2,MEDIUM,strong rainfall ML signal (72.6%),"HIGH flood risk detected in Mamit, Mizoram. Probability: 72.6%. Confidence: MEDIUM. Evidence: strong rainfall ML signal (72.6%)."
Mizoram,Aizawl,0.7259952074647587,HIGH,28.530003,1035.874943000001,1181.039943,8255.244827999999,0.725995,0.0,0.0,0.725995,True,2,MEDIUM,strong rainfall ML signal (72.6%),"HIGH flood risk detected in Aizawl, Mizoram. Probability: 72.6%. Confidence: MEDIUM. Evidence: strong rainfall ML signal (72.6%)."
Tripura,West Tripura,0.7257619460545846,HIGH,41.055,1079.795,1234.709995,8443.22974,0.725762,0.0,0.0,0.725762,True,2,MEDIUM,strong rainfall ML signal (72.6%),"HIGH flood risk detected in West Tripura, Tripura. Probability: 72.6%. Confidence: MEDIUM. Evidence: strong rainfall ML signal (72.6%)."
Uttar Pradesh,Kanpur Dehat,0.7253138407553748,HIGH,69.865,886.1199799999991,992.1849800000002,8160.889729,0.725314,0.0,0.0,0.725314,True,2,MEDIUM,strong rainfall ML signal (72.5%),"HIGH flood risk detected in Kanpur Dehat, Uttar Pradesh. Probability: 72.5%. Confidence: MEDIUM. Evidence: strong rainfall ML signal (72.5%)."
West Bengal,West Midnapore,0.7249915501611858,HIGH,116.725,1670.2499799999991,1939.719989999999,19348.089665,0.724992,0.0,0.0,0.724992,True,2,MEDIUM,strong rainfall ML signal (72.5%),"HIGH flood risk detected in West Midnapore, West Bengal. Probability: 72.5%. Confidence: MEDIUM. Evidence: strong rainfall ML signal (72.5%)."
Uttar Pradesh,Badaun,0.7238696395379485,HIGH,65.145,331.455006,406.2350059000001,4159.6199149,0.72387,0.0,0.0,0.72387,True,2,MEDIUM,strong rainfall ML signal (72.4%),"HIGH flood risk detected in Badaun, Uttar Pradesh. Probability: 72.4%. Confidence: MEDIUM. Evidence: strong rainfall ML signal (72.4%)."
Bihar,Muzaffarpur,0.7231468408860607,HIGH,17.045,763.1250000000007,1040.24,8358.5848955,0.723147,0.0,0.0,0.723147,True,2,MEDIUM,strong rainfall ML signal (72.3%),"HIGH flood risk detected in Muzaffarpur, Bihar. Probability: 72.3%. Confidence: MEDIUM. Evidence: strong rainfall ML signal (72.3%)."
Uttaranchal,Pithoragarh,0.7230457074894682,HIGH,67.549995,821.8549750000004,1058.0449709999996,6599.46984,0.723046,0.0,0.0,0.723046,True,2,MEDIUM,strong rainfall ML signal (72.3%),"HIGH flood risk detected in Pithoragarh, Uttaranchal. Probability: 72.3%. Confidence: MEDIUM. Evidence: strong rainfall ML signal (72.3%)."
Jharkhand,Dumka,0.7215589805605336,HIGH,18.305,820.8399999999999,941.7349998000004,7032.97489982,0.721559,0.0,0.0,0.721559,True,2,MEDIUM,strong rainfall ML signal (72.2%),"HIGH flood risk detected in Dumka, Jharkhand. Probability: 72.2%. Confidence: MEDIUM. Evidence: strong rainfall ML signal (72.2%)."
Andhra Pradesh,East Godavari,0.7213120430592836,HIGH,13.77,132.1299999999991,791.919979,4497.0449829,0.721312,0.0,0.0,0.721312,True,2,MEDIUM,strong rainfall ML signal (72.1%),"HIGH flood risk detected in East Godavari, Andhra Pradesh. Probability: 72.1%. Confidence: MEDIUM. Evidence: strong rainfall ML signal (72.1%)."
Jharkhand,Pashchim Singhbhum,0.7212100897675652,HIGH,66.725,1715.445,1912.544999,17898.664589,0.72121,0.0,0.0,0.72121,True,2,MEDIUM,strong rainfall ML signal (72.1%),"HIGH flood risk detected in Pashchim Singhbhum, Jharkhand. Probability: 72.1%. Confidence: MEDIUM. Evidence: strong rainfall ML signal (72.1%)."
Manipur,Senapati,0.7208635990778263,HIGH,52.25,709.8699999999999,875.5849893000002,5872.6049653,0.720864,0.0,0.0,0.720864,True,2,MEDIUM,strong rainfall ML signal (72.1%),"HIGH flood risk detected in Senapati, Manipur. Probability: 72.1%. Confidence: MEDIUM. Evidence: strong rainfall ML signal (72.1%)."
Meghalaya,West Garo Hills,0.7194962653597259,HIGH,83.81,962.4699999999998,1054.249998,5948.334846,0.719496,0.0,0.0,0.719496,True,2,MEDIUM,strong rainfall ML signal (71.9%),"HIGH flood risk detected in West Garo Hills, Meghalaya. Probability: 71.9%. Confidence: MEDIUM. Evidence: strong rainfall ML signal (71.9%)."
Uttar Pradesh,Sultanpur,0.7193496627653075,HIGH,92.52,986.2449699999992,1301.1799699899989,11397.47481979,0.71935,0.0,0.0,0.71935,True,2,MEDIUM,strong rainfall ML signal (71.9%),"HIGH flood risk detected in Sultanpur, Uttar Pradesh. Probability: 71.9%. Confidence: MEDIUM. Evidence: strong rainfall ML signal (71.9%)."
Maharashtra,Nashik,0.7193373491414876,HIGH,391.505,932.4399680000004,1141.0899539999996,5948.6898611,0.719337,0.0,0.0,0.719337,True,2,MEDIUM,strong rainfall ML signal (71.9%),"HIGH flood risk detected in Nashik, Maharashtra. Probability: 71.9%. Confidence: MEDIUM. Evidence: strong rainfall ML signal (71.9%)."
Meghalaya,East Garo Hills,0.7190835362266209,HIGH,43.14,681.0549799999997,892.4499736000005,7560.589754,0.719084,0.0,0.0,0.719084,True,2,MEDIUM,strong rainfall ML signal (71.9%),"HIGH flood risk detected in East Garo Hills, Meghalaya. Probability: 71.9%. Confidence: MEDIUM. Evidence: strong rainfall ML signal (71.9%)."
Rajasthan,Rajsamand,0.7184509364403396,HIGH,17.145,896.0549700000006,1054.484963969999,9328.79986817,0.718451,0.0,0.0,0.718451,True,2,MEDIUM,strong rainfall ML signal (71.8%),"HIGH flood risk detected in Rajsamand, Rajasthan. Probability: 71.8%. Confidence: MEDIUM. Evidence: strong rainfall ML signal (71.8%)."
Uttar Pradesh,Bulandshahr,0.7180799726013107,HIGH,112.865,641.4099799999997,799.9349688,6011.8798888,0.71808,0.0,0.0,0.71808,True,2,MEDIUM,strong rainfall ML signal (71.8%),"HIGH flood risk detected in Bulandshahr, Uttar Pradesh. Probability: 71.8%. Confidence: MEDIUM. Evidence: strong rainfall ML signal (71.8%)."
Chhattisgarh,Janjgir-Champa,0.7177346896188339,HIGH,178.08499,596.59001,661.60001,4781.9799082,0.717735,0.0,0.0,0.717735,True,2,MEDIUM,strong rainfall ML signal (71.8%),"HIGH flood risk detected in Janjgir-Champa, Chhattisgarh. Probability: 71.8%. Confidence: MEDIUM. Evidence: strong rainfall ML signal (71.8%)."
Uttar Pradesh,Unnao,0.7172744240266798,HIGH,25.229998,335.0050030000008,496.449998998,7149.884822998,0.717274,0.0,0.0,0.717274,True,2,MEDIUM,strong rainfall ML signal (71.7%),"HIGH flood risk detected in Unnao, Uttar Pradesh. Probability: 71.7%. Confidence: MEDIUM. Evidence: strong rainfall ML signal (71.7%)."
Orissa,Nuapada,0.7171734374929657,HIGH,371.27997,927.394964,1133.0549639999992,7671.709738,0.717173,0.0,0.0,0.717173,True,2,MEDIUM,strong rainfall ML signal (71.7%),"HIGH flood risk detected in Nuapada, Orissa. Probability: 71.7%. Confidence: MEDIUM. Evidence: strong rainfall ML signal (71.7%)."
West Bengal,East Midnapore,0.7161105624586587,HIGH,260.58,1331.1500000000003,1474.18,10318.039734,0.716111,0.0,0.0,0.716111,True,2,MEDIUM,strong rainfall ML signal (71.6%),"HIGH flood risk detected in East Midnapore, West Bengal. Probability: 71.6%. Confidence: MEDIUM. Evidence: strong rainfall ML signal (71.6%)."
Uttaranchal,Tehri Garhwal,0.7160860982161619,HIGH,57.964996,977.7649960000005,1175.0149958000002,5760.4849128,0.716086,0.0,0.0,0.716086,True,2,MEDIUM,strong rainfall ML signal (71.6%),"HIGH flood risk detected in Tehri Garhwal, Uttaranchal. Probability: 71.6%. Confidence: MEDIUM. Evidence: strong rainfall ML signal (71.6%)."
Maharashtra,Kolhapur,0.7139697952647969,HIGH,276.73502,571.3350199999995,954.6900190000006,4695.410003880001,0.71397,0.0,0.0,0.71397,True,2,MEDIUM,strong rainfall ML signal (71.4%),"HIGH flood risk detected in Kolhapur, Maharashtra. Probability: 71.4%. Confidence: MEDIUM. Evidence: strong rainfall ML signal (71.4%)."
Meghalaya,Jaintia Hills,0.7137766612943244,HIGH,52.425,521.6949699999997,626.7399689499998,4828.49985805,0.713777,0.0,0.0,0.713777,True,2,MEDIUM,strong rainfall ML signal (71.4%),"HIGH flood risk detected in Jaintia Hills, Meghalaya. Probability: 71.4%. Confidence: MEDIUM. Evidence: strong rainfall ML signal (71.4%)."
Rajasthan,Kota,0.7137522311486751,HIGH,34.144997,1169.899957,1289.8449508999995,10588.6898216,0.713752,0.0,0.0,0.713752,True,2,MEDIUM,strong rainfall ML signal (71.4%),"HIGH flood risk detected in Kota, Rajasthan. Probability: 71.4%. Confidence: MEDIUM. Evidence: strong rainfall ML signal (71.4%)."
Arunachal Pradesh,Tawang,0.7137087823294367,HIGH,17.05,266.8349899999993,338.474989676,4925.149939476,0.713709,0.0,0.0,0.713709,True,2,MEDIUM,strong rainfall ML signal (71.4%),"HIGH flood risk detected in Tawang, Arunachal Pradesh. Probability: 71.4%. Confidence: MEDIUM. Evidence: strong rainfall ML signal (71.4%)."
Arunachal Pradesh,West Kameng,0.710659037945824,HIGH,234.635,849.2699799999999,924.3099798000007,8808.0498838,0.710659,0.0,0.0,0.710659,True,2,MEDIUM,strong rainfall ML signal (71.1%),"HIGH flood risk detected in West Kameng, Arunachal Pradesh. Probability: 71.1%. Confidence: MEDIUM. Evidence: strong rainfall ML signal (71.1%)."
Uttar Pradesh,Auraiya,0.709567487962678,HIGH,2.435,214.9499950000004,333.449995004,4916.959892074,0.709567,0.0,0.0,0.709567,True,2,MEDIUM,strong rainfall ML signal (71.0%),"HIGH flood risk detected in Auraiya, Uttar Pradesh. Probability: 71.0%. Confidence: MEDIUM. Evidence: strong rainfall ML signal (71.0%)."
Tripura,Dhalai,0.7080991135026641,HIGH,24.595,947.2649300000002,1082.5449299999998,5701.489819699999,0.708099,0.0,0.0,0.708099,True,2,MEDIUM,strong rainfall ML signal (70.8%),"HIGH flood risk detected in Dhalai, Tripura. Probability: 70.8%. Confidence: MEDIUM. Evidence: strong rainfall ML signal (70.8%)."
Madhya Pradesh,Jhabua,0.7073316285319584,HIGH,191.08,1558.5500000000006,1802.8899900000004,10086.099845,0.707332,0.0,0.0,0.707332,True,2,MEDIUM,strong rainfall ML signal (70.7%),"HIGH flood risk detected in Jhabua, Madhya Pradesh. Probability: 70.7%. Confidence: MEDIUM. Evidence: strong rainfall ML signal (70.7%)."
Assam,North Cachar Hills,0.7065780939210087,HIGH,128.00499,1217.7699900000007,1379.22498388,8838.90993888,0.706578,0.0,0.0,0.706578,True,2,MEDIUM,strong rainfall ML signal (70.7%),"HIGH flood risk detected in North Cachar Hills, Assam. Probability: 70.7%. Confidence: MEDIUM. Evidence: strong rainfall ML signal (70.7%)."
Rajasthan,Jhalawar,0.7061228755451893,HIGH,100.71999,1389.6549299999997,1558.134918,6881.714820499999,0.706123,0.0,0.0,0.706123,True,2,MEDIUM,strong rainfall ML signal (70.6%),"HIGH flood risk detected in Jhalawar, Rajasthan. Probability: 70.6%. Confidence: MEDIUM. Evidence: strong rainfall ML signal (70.6%)."
Tripura,South Tripura,0.7060336210885257,HIGH,161.615,682.8149700000001,783.129968,4340.3949378,0.706034,0.0,0.0,0.706034,True,2,MEDIUM,strong rainfall ML signal (70.6%),"HIGH flood risk detected in South Tripura, Tripura. Probability: 70.6%. Confidence: MEDIUM. Evidence: strong rainfall ML signal (70.6%)."
Jharkhand,Deoghar,0.7058189167223978,HIGH,5.455,361.8200200000002,393.69501902000025,5162.1199978,0.705819,0.0,0.0,0.705819,True,2,MEDIUM,strong rainfall ML signal (70.6%),"HIGH flood risk detected in Deoghar, Jharkhand. Probability: 70.6%. Confidence: MEDIUM. Evidence: strong rainfall ML signal (70.6%)."
West Bengal,Uttar Dinajpur,0.7053462881695043,HIGH,97.155,562.6449799999997,686.69998002,5473.21989382,0.705346,0.0,0.0,0.705346,True,2,MEDIUM,strong rainfall ML signal (70.5%),"HIGH flood risk detected in Uttar Dinajpur, West Bengal. Probability: 70.5%. Confidence: MEDIUM. Evidence: strong rainfall ML signal (70.5%)."
Jharkhand,Dhanbad,0.704949975855986,HIGH,74.725,531.7049899999998,560.33998997,4830.06989447,0.70495,0.0,0.0,0.70495,True,2,MEDIUM,strong rainfall ML signal (70.5%),"HIGH flood risk detected in Dhanbad, Jharkhand. Probability: 70.5%. Confidence: MEDIUM. Evidence: strong rainfall ML signal (70.5%)."
Rajasthan,Pali,0.7025201445717478,HIGH,9.695001,692.6600210000009,806.6400205999992,6413.4148456,0.70252,0.0,0.0,0.70252,True,2,MEDIUM,strong rainfall ML signal (70.3%),"HIGH flood risk detected in Pali, Rajasthan. Probability: 70.3%. Confidence: MEDIUM. Evidence: strong rainfall ML signal (70.3%)."
Arunachal Pradesh,Papum Pare,0.7024730141384087,HIGH,47.109997,401.545007,465.1750067700001,4366.994966769999,0.702473,0.0,0.0,0.702473,True,2,MEDIUM,strong rainfall ML signal (70.2%),"HIGH flood risk detected in Papum Pare, Arunachal Pradesh. Probability: 70.2%. Confidence: MEDIUM. Evidence: strong rainfall ML signal (70.2%)."
Uttar Pradesh,Mau,0.6998494164193265,HIGH,104.505,488.57500000000016,602.5950003,4661.834885900001,0.699849,0.0,0.0,0.699849,True,2,MEDIUM,moderate rainfall ML signal (70.0%),"HIGH flood risk detected in Mau, Uttar Pradesh. Probability: 70.0%. Confidence: MEDIUM. Evidence: moderate rainfall ML signal (70.0%)."
Gujarat,The Dangs,0.6985582615202085,HIGH,418.77997,751.68497,851.1949648000002,4133.914942595,0.698558,0.0,0.0,0.698558,True,2,MEDIUM,moderate rainfall ML signal (69.9%),"HIGH flood risk detected in The Dangs, Gujarat. Probability: 69.9%. Confidence: MEDIUM. Evidence: moderate rainfall ML signal (69.9%)."
Maharashtra,Yavatmal,0.6979189739572156,HIGH,822.755,1346.81997,1541.1649673,5267.8099449,0.697919,0.0,0.0,0.697919,True,2,MEDIUM,moderate rainfall ML signal (69.8%),"HIGH flood risk detected in Yavatmal, Maharashtra. Probability: 69.8%. Confidence: MEDIUM. Evidence: moderate rainfall ML signal (69.8%)."
Orissa,Nayagarh,0.6965684702739706,HIGH,405.56,1449.33497,1744.944965,7640.0299154,0.696568,0.0,0.0,0.696568,True,2,MEDIUM,moderate rainfall ML signal (69.7%),"HIGH flood risk detected in Nayagarh, Orissa. Probability: 69.7%. Confidence: MEDIUM. Evidence: moderate rainfall ML signal (69.7%)."
Uttar Pradesh,Rae Bareli,0.6964529396297415,HIGH,111.744995,1003.3149150000006,1149.3049149999997,9770.934793,0.696453,0.0,0.0,0.696453,True,2,MEDIUM,moderate rainfall ML signal (69.6%),"HIGH flood risk detected in Rae Bareli, Uttar Pradesh. Probability: 69.6%. Confidence: MEDIUM. Evidence: moderate rainfall ML signal (69.6%)."
Bihar,Madhepura,0.6956483201995154,HIGH,52.56,463.5949999999999,573.9599999899999,3823.71497799,0.695648,0.0,0.0,0.695648,True,2,MEDIUM,moderate rainfall ML signal (69.6%),"HIGH flood risk detected in Madhepura, Bihar. Probability: 69.6%. Confidence: MEDIUM. Evidence: moderate rainfall ML signal (69.6%)."
Arunachal Pradesh,Changlang,0.6951239014967975,HIGH,90.56,506.5699999999996,612.7549998999988,8745.6698149,0.695124,0.0,0.0,0.695124,True,2,MEDIUM,moderate rainfall ML signal (69.5%),"HIGH flood risk detected in Changlang, Arunachal Pradesh. Probability: 69.5%. Confidence: MEDIUM. Evidence: moderate rainfall ML signal (69.5%)."
Uttar Pradesh,Bareilly,0.69461817841585,HIGH,118.52,578.7300000000002,701.9149943000002,7355.909966300001,0.694618,0.0,0.0,0.694618,True,2,MEDIUM,moderate rainfall ML signal (69.5%),"HIGH flood risk detected in Bareilly, Uttar Pradesh. Probability: 69.5%. Confidence: MEDIUM. Evidence: moderate rainfall ML signal (69.5%)."
Jharkhand,Garhwa,0.6943860298350448,HIGH,66.25,1700.0699000000002,1836.2399,10029.564702,0.694386,0.0,0.0,0.694386,True,2,MEDIUM,moderate rainfall ML signal (69.4%),"HIGH flood risk detected in Garhwa, Jharkhand. Probability: 69.4%. Confidence: MEDIUM. Evidence: moderate rainfall ML signal (69.4%)."
Meghalaya,West Khasi Hills,0.6937723668492304,HIGH,138.045,1312.90995,1514.73995,9623.719767,0.693772,0.0,0.0,0.693772,True,2,MEDIUM,moderate rainfall ML signal (69.4%),"HIGH flood risk detected in West Khasi Hills, Meghalaya. Probability: 69.4%. Confidence: MEDIUM. Evidence: moderate rainfall ML signal (69.4%)."
Arunachal Pradesh,Lower Subansiri,0.6900632803857283,HIGH,9.5199995,353.9099995000014,407.559999497,5629.459962497001,0.690063,0.0,0.0,0.690063,True,2,MEDIUM,moderate rainfall ML signal (69.0%),"HIGH flood risk detected in Lower Subansiri, Arunachal Pradesh. Probability: 69.0%. Confidence: MEDIUM. Evidence: moderate rainfall ML signal (69.0%)."
Gujarat,Ahmadabad,0.6896996090295643,HIGH,152.94499,1944.299950000001,2210.719934,11972.874718,0.6897,0.0,0.0,0.6897,True,2,MEDIUM,moderate rainfall ML signal (69.0%),"HIGH flood risk detected in Ahmadabad, Gujarat. Probability: 69.0%. Confidence: MEDIUM. Evidence: moderate rainfall ML signal (69.0%)."
Uttar Pradesh,Ballia,0.6869532089038358,HIGH,77.795,428.95999600000016,455.8149939499996,3212.4049409500003,0.686953,0.0,0.0,0.686953,True,2,MEDIUM,moderate rainfall ML signal (68.7%),"HIGH flood risk detected in Ballia, Uttar Pradesh. Probability: 68.7%. Confidence: MEDIUM. Evidence: moderate rainfall ML signal (68.7%)."
Andhra Pradesh,Vishakhapatnam,0.6867085026810079,HIGH,748.105,1911.675,2453.0600000000004,4891.3499823,0.686709,0.0,0.0,0.686709,True,2,MEDIUM,moderate rainfall ML signal (68.7%),"HIGH flood risk detected in Vishakhapatnam, Andhra Pradesh. Probability: 68.7%. Confidence: MEDIUM. Evidence: moderate rainfall ML signal (68.7%)."
Maharashtra,Dhule,0.6859414199650727,HIGH,264.47,1005.2200000000008,1335.2949990000006,17296.074519,0.685941,0.0,0.0,0.685941,True,2,MEDIUM,moderate rainfall ML signal (68.6%),"HIGH flood risk detected in Dhule, Maharashtra. Probability: 68.6%. Confidence: MEDIUM. Evidence: moderate rainfall ML signal (68.6%)."
Manipur,Ukhrul,0.6833749981604145,HIGH,70.395,530.7999899999999,590.9449884000003,3576.3349367,0.683375,0.0,0.0,0.683375,True,2,MEDIUM,moderate rainfall ML signal (68.3%),"HIGH flood risk detected in Ukhrul, Manipur. Probability: 68.3%. Confidence: MEDIUM. Evidence: moderate rainfall ML signal (68.3%)."
Uttar Pradesh,Lalitpur,0.6824486677923877,HIGH,260.65,2001.9450000000008,2182.874998,13533.67478,0.682449,0.0,0.0,0.682449,True,2,MEDIUM,moderate rainfall ML signal (68.2%),"HIGH flood risk detected in Lalitpur, Uttar Pradesh. Probability: 68.2%. Confidence: MEDIUM. Evidence: moderate rainfall ML signal (68.2%)."
Meghalaya,East Khasi Hills,0.6821887225406595,HIGH,68.03,537.1949959999997,575.2349959899999,3692.25489699,0.682189,0.0,0.0,0.682189,True,2,MEDIUM,moderate rainfall ML signal (68.2%),"HIGH flood risk detected in East Khasi Hills, Meghalaya. Probability: 68.2%. Confidence: MEDIUM. Evidence: moderate rainfall ML signal (68.2%)."
Meghalaya,Ri-Bhoi,0.677574688907802,HIGH,1.3399999,219.5899699,343.8599689,5341.42987985,0.677575,0.0,0.0,0.677575,True,2,MEDIUM,moderate rainfall ML signal (67.8%),"HIGH flood risk detected in Ri-Bhoi, Meghalaya. Probability: 67.8%. Confidence: MEDIUM. Evidence: moderate rainfall ML signal (67.8%)."
Gujarat,Jamnagar,0.6748657704022566,HIGH,33.195,155.8599959999991,350.53499559999995,3550.2048794,0.674866,0.0,0.0,0.674866,True,2,MEDIUM,moderate rainfall ML signal (67.5%),"HIGH flood risk detected in Jamnagar, Gujarat. Probability: 67.5%. Confidence: MEDIUM. Evidence: moderate rainfall ML signal (67.5%)."
Arunachal Pradesh,East Kameng,0.6741525533851533,HIGH,45.015,199.04000499999967,254.6700047,4373.8199732,0.674153,0.0,0.0,0.674153,True,2,MEDIUM,moderate rainfall ML signal (67.4%),"HIGH flood risk detected in East Kameng, Arunachal Pradesh. Probability: 67.4%. Confidence: MEDIUM. Evidence: moderate rainfall ML signal (67.4%)."
Madhya Pradesh,Neemuch,0.6683363587421977,HIGH,252.235,1830.4499,1975.219889,9503.599633,0.668336,0.0,0.0,0.668336,True,2,MEDIUM,moderate rainfall ML signal (66.8%),"HIGH flood risk detected in Neemuch, Madhya Pradesh. Probability: 66.8%. Confidence: MEDIUM. Evidence: moderate rainfall ML signal (66.8%)."
Chhattisgarh,Kanker,0.662860137167848,HIGH,916.44995,1762.85995,1994.63994997,6428.01487297,0.66286,0.0,0.0,0.66286,True,2,MEDIUM,moderate rainfall ML signal (66.3%),"HIGH flood risk detected in Kanker, Chhattisgarh. Probability: 66.3%. Confidence: MEDIUM. Evidence: moderate rainfall ML signal (66.3%)."
Punjab,Patiala,0.6597070397157827,HIGH,42.394997,784.159977,885.5449729999998,3384.024943,0.659707,0.0,0.0,0.659707,True,2,MEDIUM,moderate rainfall ML signal (66.0%),"HIGH flood risk detected in Patiala, Punjab. Probability: 66.0%. Confidence: MEDIUM. Evidence: moderate rainfall ML signal (66.0%)."
Rajasthan,Sirohi,0.659029118058872,HIGH,171.355,1506.8049599999997,1648.2349600000002,10402.354853,0.659029,0.0,0.0,0.659029,True,2,MEDIUM,moderate rainfall ML signal (65.9%),"HIGH flood risk detected in Sirohi, Rajasthan. Probability: 65.9%. Confidence: MEDIUM. Evidence: moderate rainfall ML signal (65.9%)."
Rajasthan,Ajmer,0.6584276131613536,HIGH,103.225,384.7400300000005,469.580029,5345.524902,0.658428,0.0,0.0,0.658428,True,2,MEDIUM,moderate rainfall ML signal (65.8%),"HIGH flood risk detected in Ajmer, Rajasthan. Probability: 65.8%. Confidence: MEDIUM. Evidence: moderate rainfall ML signal (65.8%)."
Bihar,Samastipur,0.6576179828383395,HIGH,59.94,481.4750040000002,512.9850039999999,3233.969972,0.657618,0.0,0.0,0.657618,True,2,MEDIUM,moderate rainfall ML signal (65.8%),"HIGH flood risk detected in Samastipur, Bihar. Probability: 65.8%. Confidence: MEDIUM. Evidence: moderate rainfall ML signal (65.8%)."
Madhya Pradesh,Guna,0.6565730046917451,HIGH,195.08,1421.66494,1538.5499398999998,11957.9847437,0.656573,0.0,0.0,0.656573,True,2,MEDIUM,moderate rainfall ML signal (65.7%),"HIGH flood risk detected in Guna, Madhya Pradesh. Probability: 65.7%. Confidence: MEDIUM. Evidence: moderate rainfall ML signal (65.7%)."
Madhya Pradesh,Shahdol,0.656512805465284,HIGH,122.175,247.85498600000005,275.4649854000001,3965.5148444,0.656513,0.0,0.0,0.656513,True,2,MEDIUM,moderate rainfall ML signal (65.7%),"HIGH flood risk detected in Shahdol, Madhya Pradesh. Probability: 65.7%. Confidence: MEDIUM. Evidence: moderate rainfall ML signal (65.7%)."
Bihar,Saharsa,0.6508783891877047,HIGH,65.29,401.82500000000016,467.8149997900001,3231.82496679,0.650878,0.0,0.0,0.650878,True,2,MEDIUM,moderate rainfall ML signal (65.1%),"HIGH flood risk detected in Saharsa, Bihar. Probability: 65.1%. Confidence: MEDIUM. Evidence: moderate rainfall ML signal (65.1%)."
West Bengal,Murshidabad,0.6480724098553595,HIGH,44.645,1902.7550000000003,2040.789997,13397.164824,0.648072,0.0,0.0,0.648072,True,2,MEDIUM,moderate rainfall ML signal (64.8%),"HIGH flood risk detected in Murshidabad, West Bengal. Probability: 64.8%. Confidence: MEDIUM. Evidence: moderate rainfall ML signal (64.8%)."
Karnataka,Mandya,0.6467552588296506,HIGH,116.795,279.67499999999967,414.66999600000025,2932.46499226,0.646755,0.0,0.0,0.646755,True,2,MEDIUM,moderate rainfall ML signal (64.7%),"HIGH flood risk detected in Mandya, Karnataka. Probability: 64.7%. Confidence: MEDIUM. Evidence: moderate rainfall ML signal (64.7%)."
Andhra Pradesh,Krishna,0.6444965524983958,HIGH,125.439995,645.639994999999,1366.8399829999998,12176.579974,0.644497,0.0,0.0,0.644497,True,2,MEDIUM,moderate rainfall ML signal (64.4%),"HIGH flood risk detected in Krishna, Andhra Pradesh. Probability: 64.4%. Confidence: MEDIUM. Evidence: moderate rainfall ML signal (64.4%)."
Andhra Pradesh,Khammam,0.6443895171111312,HIGH,304.13498,683.01001,1363.1850069999991,3590.80501303,0.64439,0.0,0.0,0.64439,True,2,MEDIUM,moderate rainfall ML signal (64.4%),"HIGH flood risk detected in Khammam, Andhra Pradesh. Probability: 64.4%. Confidence: MEDIUM. Evidence: moderate rainfall ML signal (64.4%)."
Orissa,Kalahandi,0.6412238324157823,HIGH,748.765,1397.98497,1579.8899670000003,4877.14990885,0.641224,0.0,0.0,0.641224,True,2,MEDIUM,moderate rainfall ML signal (64.1%),"HIGH flood risk detected in Kalahandi, Orissa. Probability: 64.1%. Confidence: MEDIUM. Evidence: moderate rainfall ML signal (64.1%)."
Jharkhand,Jamtara,0.6366075721660851,HIGH,23.994999,1666.884999,1746.4899988,6395.5999008,0.636608,0.0,0.0,0.636608,True,2,MEDIUM,moderate rainfall ML signal (63.7%),"HIGH flood risk detected in Jamtara, Jharkhand. Probability: 63.7%. Confidence: MEDIUM. Evidence: moderate rainfall ML signal (63.7%)."
Karnataka,Bijapur,0.6349590511866857,HIGH,279.41,1137.68,1884.1149900000005,13747.7197289,0.634959,0.0,0.0,0.634959,True,2,MEDIUM,moderate rainfall ML signal (63.5%),"HIGH flood risk detected in Bijapur, Karnataka. Probability: 63.5%. Confidence: MEDIUM. Evidence: moderate rainfall ML signal (63.5%)."
Gujarat,Gandhinagar,0.6300971064553919,HIGH,2.83,370.43999000000025,436.609988,4304.2149175,0.630097,0.0,0.0,0.630097,True,2,MEDIUM,moderate rainfall ML signal (63.0%),"HIGH flood risk detected in Gandhinagar, Gujarat. Probability: 63.0%. Confidence: MEDIUM. Evidence: moderate rainfall ML signal (63.0%)."
Madhya Pradesh,Rewa,0.6272219293896512,HIGH,1.775,447.11498,536.4399787999996,8507.129878140002,0.627222,0.0,0.0,0.627222,True,2,MEDIUM,moderate rainfall ML signal (62.7%),"HIGH flood risk detected in Rewa, Madhya Pradesh. Probability: 62.7%. Confidence: MEDIUM. Evidence: moderate rainfall ML signal (62.7%)."
Rajasthan,Dausa,0.6266505772033191,HIGH,44.71,275.61999999999995,334.10499700000014,4605.009854999999,0.626651,0.0,0.0,0.626651,True,2,MEDIUM,moderate rainfall ML signal (62.7%),"HIGH flood risk detected in Dausa, Rajasthan. Probability: 62.7%. Confidence: MEDIUM. Evidence: moderate rainfall ML signal (62.7%)."
West Bengal,South 24 Parganas,0.6263843394064805,HIGH,221.495,1400.0349,1647.0348849999996,16674.339548999997,0.626384,0.0,0.0,0.626384,True,2,MEDIUM,moderate rainfall ML signal (62.6%),"HIGH flood risk detected in South 24 Parganas, West Bengal. Probability: 62.6%. Confidence: MEDIUM. Evidence: moderate rainfall ML signal (62.6%)."
Maharashtra,Chandrapur,0.6224902463084736,HIGH,907.735,2029.9550000000004,2348.294996,8263.0449097,0.62249,0.0,0.0,0.62249,True,2,MEDIUM,moderate rainfall ML signal (62.2%),"HIGH flood risk detected in Chandrapur, Maharashtra. Probability: 62.2%. Confidence: MEDIUM. Evidence: moderate rainfall ML signal (62.2%)."
Orissa,Jagatsinghpur,0.6224037721206099,HIGH,53.545002,410.105002,516.3550065000002,3248.91487006,0.622404,0.0,0.0,0.622404,True,2,MEDIUM,moderate rainfall ML signal (62.2%),"HIGH flood risk detected in Jagatsinghpur, Orissa. Probability: 62.2%. Confidence: MEDIUM. Evidence: moderate rainfall ML signal (62.2%)."
Uttar Pradesh,Kanpur,0.6202992417575357,HIGH,9.44,214.74998999999968,358.06998980000014,3148.10997815,0.620299,0.0,0.0,0.620299,True,2,MEDIUM,moderate rainfall ML signal (62.0%),"HIGH flood risk detected in Kanpur, Uttar Pradesh. Probability: 62.0%. Confidence: MEDIUM. Evidence: moderate rainfall ML signal (62.0%)."
Tamil Nadu,Tiruvannamalai,0.6186704829798927,HIGH,201.44,325.3899960000002,714.9499857999999,3380.1348971,0.61867,0.0,0.0,0.61867,True,2,MEDIUM,moderate rainfall ML signal (61.9%),"HIGH flood risk detected in Tiruvannamalai, Tamil Nadu. Probability: 61.9%. Confidence: MEDIUM. Evidence: moderate rainfall ML signal (61.9%)."
Gujarat,Bhavnagar,0.616899357658443,HIGH,18.795002,279.5699920000023,459.1299815999996,12413.1248308,0.616899,0.0,0.0,0.616899,True,2,MEDIUM,moderate rainfall ML signal (61.7%),"HIGH flood risk detected in Bhavnagar, Gujarat. Probability: 61.7%. Confidence: MEDIUM. Evidence: moderate rainfall ML signal (61.7%)."
Maharashtra,Raigarh,0.6090102514079964,HIGH,668.605,1954.0249999999992,2196.6250045,4213.3099807,0.60901,0.0,0.0,0.60901,True,2,MEDIUM,moderate rainfall ML signal (60.9%),"HIGH flood risk detected in Raigarh, Maharashtra. Probability: 60.9%. Confidence: MEDIUM. Evidence: moderate rainfall ML signal (60.9%)."
Assam,Dhemaji,0.6014921504208187,HIGH,14.089999,179.33000400000023,240.4450034,4309.494970000001,0.601492,0.0,0.0,0.601492,True,2,MEDIUM,moderate rainfall ML signal (60.1%),"HIGH flood risk detected in Dhemaji, Assam. Probability: 60.1%. Confidence: MEDIUM. Evidence: moderate rainfall ML signal (60.1%)."
Gujarat,Mahesana,0.5973978517877656,HIGH,2.36,150.94000399999908,189.8450029799992,4252.45490688,0.597398,0.0,0.0,0.597398,True,2,MEDIUM,moderate rainfall ML signal (59.7%),"HIGH flood risk detected in Mahesana, Gujarat. Probability: 59.7%. Confidence: MEDIUM. Evidence: moderate rainfall ML signal (59.7%)."
Andhra Pradesh,Anantapur,0.595239856041257,HIGH,193.22499,564.67499,1638.029983,10842.1348917,0.59524,0.0,0.0,0.59524,True,2,MEDIUM,moderate rainfall ML signal (59.5%),"HIGH flood risk detected in Anantapur, Andhra Pradesh. Probability: 59.5%. Confidence: MEDIUM. Evidence: moderate rainfall ML signal (59.5%)."
Madhya Pradesh,Dhar,0.5940107172143597,HIGH,218.055,1730.065,1946.0650000000005,11692.37979,0.594011,0.0,0.0,0.594011,True,2,MEDIUM,moderate rainfall ML signal (59.4%),"HIGH flood risk detected in Dhar, Madhya Pradesh. Probability: 59.4%. Confidence: MEDIUM. Evidence: moderate rainfall ML signal (59.4%)."
Assam,Karbi Anglong,0.5939174489284524,HIGH,0.625,436.6949799999974,646.0899789900009,9607.40470689,0.593917,0.0,0.0,0.593917,True,2,MEDIUM,moderate rainfall ML signal (59.4%),"HIGH flood risk detected in Karbi Anglong, Assam. Probability: 59.4%. Confidence: MEDIUM. Evidence: moderate rainfall ML signal (59.4%)."
Bihar,Darbhanga,0.5915083902750277,HIGH,4.8399997,438.0649997000002,617.6899921999998,5664.919929500001,0.591508,0.0,0.0,0.591508,True,2,MEDIUM,moderate rainfall ML signal (59.2%),"HIGH flood risk detected in Darbhanga, Bihar. Probability: 59.2%. Confidence: MEDIUM. Evidence: moderate rainfall ML signal (59.2%)."
Haryana,Bhiwani,0.5882907607774591,HIGH,53.135002,375.9749920000005,547.2749910000005,11170.034673,0.588291,0.0,0.0,0.588291,True,2,MEDIUM,moderate rainfall ML signal (58.8%),"HIGH flood risk detected in Bhiwani, Haryana. Probability: 58.8%. Confidence: MEDIUM. Evidence: moderate rainfall ML signal (58.8%)."
Madhya Pradesh,Chhatarpur,0.5871644882720931,HIGH,112.58,2883.924899999998,3231.469899000001,17428.284491,0.587164,0.0,0.0,0.587164,True,2,MEDIUM,moderate rainfall ML signal (58.7%),"HIGH flood risk detected in Chhatarpur, Madhya Pradesh. Probability: 58.7%. Confidence: MEDIUM. Evidence: moderate rainfall ML signal (58.7%)."
Karnataka,Davanagere,0.580664396641514,HIGH,39.215,178.36,689.3799599999999,2631.0199657000003,0.580664,0.0,0.0,0.580664,True,2,MEDIUM,moderate rainfall ML signal (58.1%),"HIGH flood risk detected in Davanagere, Karnataka. Probability: 58.1%. Confidence: MEDIUM. Evidence: moderate rainfall ML signal (58.1%)."
Madhya Pradesh,Damoh,0.5805580318498544,HIGH,83.66499,380.63496999999927,400.4199697000013,2806.9848766,0.580558,0.0,0.0,0.580558,True,2,MEDIUM,moderate rainfall ML signal (58.1%),"HIGH flood risk detected in Damoh, Madhya Pradesh. Probability: 58.1%. Confidence: MEDIUM. Evidence: moderate rainfall ML signal (58.1%)."
Karnataka,Uttar Kannand,0.5802758182795369,HIGH,115.130005,342.92000500000006,825.7449848,7014.8998685,0.580276,0.0,0.0,0.580276,True,2,MEDIUM,moderate rainfall ML signal (58.0%),"HIGH flood risk detected in Uttar Kannand, Karnataka. Probability: 58.0%. Confidence: MEDIUM. Evidence: moderate rainfall ML signal (58.0%)."
Gujarat,Junagadh,0.5764824208163545,HIGH,746.065,1719.2249800000004,2013.194978,24226.224583,0.576482,0.0,0.0,0.576482,True,2,MEDIUM,moderate rainfall ML signal (57.6%),"HIGH flood risk detected in Junagadh, Gujarat. Probability: 57.6%. Confidence: MEDIUM. Evidence: moderate rainfall ML signal (57.6%)."
Maharashtra,Nanded,0.575109789462801,HIGH,548.68,1622.084999999999,2135.569990000001,14478.1696967,0.57511,0.0,0.0,0.57511,True,2,MEDIUM,moderate rainfall ML signal (57.5%),"HIGH flood risk detected in Nanded, Maharashtra. Probability: 57.5%. Confidence: MEDIUM. Evidence: moderate rainfall ML signal (57.5%)."
Maharashtra,Satara,0.5739522324687356,HIGH,0.0,49.82999800000012,581.8399949979997,4152.284955388,0.573952,0.0,0.0,0.573952,True,2,MEDIUM,moderate rainfall ML signal (57.4%),"HIGH flood risk detected in Satara, Maharashtra. Probability: 57.4%. Confidence: MEDIUM. Evidence: moderate rainfall ML signal (57.4%)."
Rajasthan,Ganganagar,0.5713247045382507,HIGH,11.785,119.8799949999991,206.7599946999977,7843.0600517,0.571325,0.0,0.0,0.571325,True,2,MEDIUM,moderate rainfall ML signal (57.1%),"HIGH flood risk detected in Ganganagar, Rajasthan. Probability: 57.1%. Confidence: MEDIUM. Evidence: moderate rainfall ML signal (57.1%)."
Orissa,Bolangir,0.5645617880881991,HIGH,115.185005,636.594995000002,1124.914975,15831.8296699,0.564562,0.0,0.0,0.564562,True,2,MEDIUM,moderate rainfall ML signal (56.5%),"HIGH flood risk detected in Bolangir, Orissa. Probability: 56.5%. Confidence: MEDIUM. Evidence: moderate rainfall ML signal (56.5%)."
Chhattisgarh,Korba,0.5618829436138335,HIGH,131.30998,2400.7199799999985,2644.499976,19112.174603,0.561883,0.0,0.0,0.561883,True,2,MEDIUM,moderate rainfall ML signal (56.2%),"HIGH flood risk detected in Korba, Chhattisgarh. Probability: 56.2%. Confidence: MEDIUM. Evidence: moderate rainfall ML signal (56.2%)."
Orissa,Malkangiri,0.5601524829404891,HIGH,1182.255,2298.575,2925.919977,9184.49982082,0.560152,0.0,0.0,0.560152,True,2,MEDIUM,moderate rainfall ML signal (56.0%),"HIGH flood risk detected in Malkangiri, Orissa. Probability: 56.0%. Confidence: MEDIUM. Evidence: moderate rainfall ML signal (56.0%)."
Maharashtra,Buldana,0.5584628558783659,HIGH,698.01,1523.44501,1783.6650079999988,12234.494754,0.558463,0.0,0.0,0.558463,True,2,MEDIUM,moderate rainfall ML signal (55.8%),"HIGH flood risk detected in Buldana, Maharashtra. Probability: 55.8%. Confidence: MEDIUM. Evidence: moderate rainfall ML signal (55.8%)."
Madhya Pradesh,Dindori,0.5582609010998033,HIGH,41.655003,1027.6099829999991,1167.064982,13943.2146588,0.558261,0.0,0.0,0.558261,True,2,MEDIUM,moderate rainfall ML signal (55.8%),"HIGH flood risk detected in Dindori, Madhya Pradesh. Probability: 55.8%. Confidence: MEDIUM. Evidence: moderate rainfall ML signal (55.8%)."
Jammu and Kashmir,Kathua,0.5557855780445521,HIGH,13.62,99.73500000000008,261.8300038,2973.2099948,0.555786,0.0,0.0,0.555786,True,2,MEDIUM,moderate rainfall ML signal (55.6%),"HIGH flood risk detected in Kathua, Jammu and Kashmir. Probability: 55.6%. Confidence: MEDIUM. Evidence: moderate rainfall ML signal (55.6%)."
Maharashtra,Akola,0.5527000136892721,HIGH,449.82498,1299.7899800000002,1593.3399899999995,12084.419784,0.5527,0.0,0.0,0.5527,True,2,MEDIUM,moderate rainfall ML signal (55.3%),"HIGH flood risk detected in Akola, Maharashtra. Probability: 55.3%. Confidence: MEDIUM. Evidence: moderate rainfall ML signal (55.3%)."
Uttar Pradesh,Deoria,0.5517714568931107,HIGH,0.60499996,126.85499795999954,253.4599979600009,3800.624972156,0.551771,0.0,0.0,0.551771,True,2,MEDIUM,moderate rainfall ML signal (55.2%),"HIGH flood risk detected in Deoria, Uttar Pradesh. Probability: 55.2%. Confidence: MEDIUM. Evidence: moderate rainfall ML signal (55.2%)."
Maharashtra,Ratnagiri,0.5501121883101612,HIGH,242.605,571.8650099999995,1306.969986,9241.18985,0.550112,0.0,0.0,0.550112,True,2,MEDIUM,moderate rainfall ML signal (55.0%),"HIGH flood risk detected in Ratnagiri, Maharashtra. Probability: 55.0%. Confidence: MEDIUM. Evidence: moderate rainfall ML signal (55.0%)."
Himachal Pradesh,Lahul and Spiti,0.5483050452404091,MEDIUM,13.955,155.40999599999904,573.07501,9577.089879,0.548305,0.0,0.0,0.548305,False,3,MEDIUM,moderate rainfall ML signal (54.8%),"Moderate flood risk detected in Lahul and Spiti, Himachal Pradesh. Probability: 54.8%."
Rajasthan,Nagaur,0.5456195797953297,MEDIUM,66.365,1006.709969999996,1311.7299669000008,18082.0994469,0.54562,0.0,0.0,0.54562,False,3,MEDIUM,moderate rainfall ML signal (54.6%),"Moderate flood risk detected in Nagaur, Rajasthan. Probability: 54.6%."
Maharashtra,Wardha,0.5428300050862412,MEDIUM,306.535,1015.5649999999991,1337.32,15173.8248203,0.54283,0.0,0.0,0.54283,False,3,MEDIUM,moderate rainfall ML signal (54.3%),"Moderate flood risk detected in Wardha, Maharashtra. Probability: 54.3%."
Rajasthan,Bikaner,0.5417107020473598,MEDIUM,82.47,715.1049799999973,1049.5899785,13257.5947485,0.541711,0.0,0.0,0.541711,False,3,MEDIUM,moderate rainfall ML signal (54.2%),"Moderate flood risk detected in Bikaner, Rajasthan. Probability: 54.2%."
Rajasthan,Barmer,0.5412196975417453,MEDIUM,109.93001,1842.264950000004,2056.284947999998,18081.934548,0.54122,0.0,0.0,0.54122,False,3,MEDIUM,moderate rainfall ML signal (54.1%),"Moderate flood risk detected in Barmer, Rajasthan. Probability: 54.1%."
Uttar Pradesh,Sonbhadra,0.5405671805485867,MEDIUM,206.51999,2329.4850900000006,2523.9300839,14923.8396859,0.540567,0.0,0.0,0.540567,False,3,MEDIUM,moderate rainfall ML signal (54.1%),"Moderate flood risk detected in Sonbhadra, Uttar Pradesh. Probability: 54.1%."
Orissa,Kandhamal,0.5368833137279063,MEDIUM,659.665,1955.515,2346.430009000001,11075.564807,0.536883,0.0,0.0,0.536883,False,3,MEDIUM,moderate rainfall ML signal (53.7%),"Moderate flood risk detected in Kandhamal, Orissa. Probability: 53.7%."
Uttar Pradesh,Shahjahanpur,0.5364788968653038,MEDIUM,45.309994,198.86498899999992,259.124989,2452.615018,0.536479,0.0,0.0,0.536479,False,3,MEDIUM,moderate rainfall ML signal (53.6%),"Moderate flood risk detected in Shahjahanpur, Uttar Pradesh. Probability: 53.6%."
Uttar Pradesh,Gautam Buddha Nagar,0.5331184121622325,MEDIUM,15.849998,132.709991,176.1199869999999,2746.199969,0.533118,0.0,0.0,0.533118,False,3,MEDIUM,moderate rainfall ML signal (53.3%),"Moderate flood risk detected in Gautam Buddha Nagar, Uttar Pradesh. Probability: 53.3%."
Andhra Pradesh,Nalgonda,0.5319389821789218,MEDIUM,66.165,609.9550000000002,1874.94,14221.21957999,0.531939,0.0,0.0,0.531939,False,3,MEDIUM,moderate rainfall ML signal (53.2%),"Moderate flood risk detected in Nalgonda, Andhra Pradesh. Probability: 53.2%."
Rajasthan,Jaipur,0.5277506720145994,MEDIUM,62.44,991.0600199999984,1303.2000077999994,15282.1549178,0.527751,0.0,0.0,0.527751,False,3,MEDIUM,moderate rainfall ML signal (52.8%),"Moderate flood risk detected in Jaipur, Rajasthan. Probability: 52.8%."
Madhya Pradesh,Ujjain,0.525055066363597,MEDIUM,0.22,247.1349970000009,315.80499789999953,7935.51478374,0.525055,0.0,0.0,0.525055,False,3,MEDIUM,moderate rainfall ML signal (52.5%),"Moderate flood risk detected in Ujjain, Madhya Pradesh. Probability: 52.5%."
Madhya Pradesh,Panna,0.5248657570382004,MEDIUM,259.84,1954.8849000000005,2112.9749,12865.459645,0.524866,0.0,0.0,0.524866,False,3,MEDIUM,moderate rainfall ML signal (52.5%),"Moderate flood risk detected in Panna, Madhya Pradesh. Probability: 52.5%."
Uttar Pradesh,Lakhimpur Kheri,0.52143012052369,MEDIUM,178.01498,625.3649800000003,753.9999749,9195.6948929,0.52143,0.0,0.0,0.52143,False,3,MEDIUM,moderate rainfall ML signal (52.1%),"Moderate flood risk detected in Lakhimpur Kheri, Uttar Pradesh. Probability: 52.1%."
Andhra Pradesh,Srikakulam,0.5211754498197285,MEDIUM,179.75,718.2199999999991,1249.1349800000005,11270.084771,0.521175,0.0,0.0,0.521175,False,3,MEDIUM,moderate rainfall ML signal (52.1%),"Moderate flood risk detected in Srikakulam, Andhra Pradesh. Probability: 52.1%."
Jharkhand,Chatra,0.5193363652727122,MEDIUM,66.045,2448.1400000000003,2639.0399999,12574.7647869,0.519336,0.0,0.0,0.519336,False,3,MEDIUM,moderate rainfall ML signal (51.9%),"Moderate flood risk detected in Chatra, Jharkhand. Probability: 51.9%."
Maharashtra,Sangli,0.5188757409423121,MEDIUM,64.61,827.3700000000009,1805.045,16042.764668,0.518876,0.0,0.0,0.518876,False,3,MEDIUM,moderate rainfall ML signal (51.9%),"Moderate flood risk detected in Sangli, Maharashtra. Probability: 51.9%."
Nagaland,Phek,0.5180015113960068,MEDIUM,0.0,83.984994,200.1549927,3535.464994,0.518002,0.0,0.0,0.518002,False,3,MEDIUM,moderate rainfall ML signal (51.8%),"Moderate flood risk detected in Phek, Nagaland. Probability: 51.8%."
Madhya Pradesh,Satna,0.5168946971870193,MEDIUM,176.68001,3457.49981,3773.52981,20654.259471,0.516895,0.0,0.0,0.516895,False,3,MEDIUM,moderate rainfall ML signal (51.7%),"Moderate flood risk detected in Satna, Madhya Pradesh. Probability: 51.7%."
Andhra Pradesh,Guntur,0.5159466758489715,MEDIUM,387.685,1063.7999999999988,1402.814987,9619.059877000002,0.515947,0.0,0.0,0.515947,False,3,MEDIUM,moderate rainfall ML signal (51.6%),"Moderate flood risk detected in Guntur, Andhra Pradesh. Probability: 51.6%."
Kerala,Palakkad,0.5142839878470042,MEDIUM,218.65999,289.7799889999993,415.5449869700004,3695.75996067,0.514284,0.0,0.0,0.514284,False,3,MEDIUM,moderate rainfall ML signal (51.4%),"Moderate flood risk detected in Palakkad, Kerala. Probability: 51.4%."
Gujarat,Dahod,0.513850824195352,MEDIUM,303.495,2399.495,2672.144986,14876.004759,0.513851,0.0,0.0,0.513851,False,3,MEDIUM,moderate rainfall ML signal (51.4%),"Moderate flood risk detected in Dahod, Gujarat. Probability: 51.4%."
Madhya Pradesh,Ashoknagar,0.5138131205940786,MEDIUM,156.605,3038.5,3356.8099879999995,17387.879334999998,0.513813,0.0,0.0,0.513813,False,3,MEDIUM,moderate rainfall ML signal (51.4%),"Moderate flood risk detected in Ashoknagar, Madhya Pradesh. Probability: 51.4%."
Tamil Nadu,Thanjavur,0.5083264732453661,MEDIUM,153.54,187.359998,311.064995,3039.574872,0.508326,0.0,0.0,0.508326,False,3,MEDIUM,moderate rainfall ML signal (50.8%),"Moderate flood risk detected in Thanjavur, Tamil Nadu. Probability: 50.8%."
Chhattisgarh,Surguja,0.5037635026936718,MEDIUM,4.0550003,22.045002299998863,101.6500013,4709.725049,0.503764,0.0,0.0,0.503764,False,3,MEDIUM,moderate rainfall ML signal (50.4%),"Moderate flood risk detected in Surguja, Chhattisgarh. Probability: 50.4%."
Bihar,Saran,0.5009733996472626,MEDIUM,57.329998,404.31999800000006,495.69499759,3225.27495859,0.500973,0.0,0.0,0.500973,False,3,MEDIUM,moderate rainfall ML signal (50.1%),"Moderate flood risk detected in Saran, Bihar. Probability: 50.1%."
Karnataka,Gulbarga,0.4977925654726937,MEDIUM,284.175,1060.634970000001,2019.619966,17231.279752,0.497793,0.0,0.0,0.497793,False,3,MEDIUM,moderate rainfall ML signal (49.8%),"Moderate flood risk detected in Gulbarga, Karnataka. Probability: 49.8%."
Uttar Pradesh,Ambedkar Nagar,0.4951849623576352,MEDIUM,0.98499995,174.54499494999965,268.55499295,4148.54497863,0.495185,0.0,0.0,0.495185,False,3,MEDIUM,moderate rainfall ML signal (49.5%),"Moderate flood risk detected in Ambedkar Nagar, Uttar Pradesh. Probability: 49.5%."
Andhra Pradesh,Karimnagar,0.4903557114069495,MEDIUM,1396.2,4093.535,4952.369969999998,19342.230072,0.490356,0.0,0.0,0.490356,False,3,MEDIUM,moderate rainfall ML signal (49.0%),"Moderate flood risk detected in Karimnagar, Andhra Pradesh. Probability: 49.0%."
Rajasthan,Jodhpur,0.4892112536586102,MEDIUM,144.675,1318.2650000000033,1704.8599996,20174.2394206,0.489211,0.0,0.0,0.489211,False,3,MEDIUM,moderate rainfall ML signal (48.9%),"Moderate flood risk detected in Jodhpur, Rajasthan. Probability: 48.9%."
Rajasthan,Churu,0.4828490705555377,MEDIUM,87.47,863.6650000000002,1198.6999796000002,14735.9994996,0.482849,0.0,0.0,0.482849,False,3,MEDIUM,moderate rainfall ML signal (48.3%),"Moderate flood risk detected in Churu, Rajasthan. Probability: 48.3%."
Madhya Pradesh,Harda,0.4799122411311476,MEDIUM,149.935,507.1499490000001,558.73994599,2731.58985829,0.479912,0.0,0.0,0.479912,False,3,MEDIUM,moderate rainfall ML signal (48.0%),"Moderate flood risk detected in Harda, Madhya Pradesh. Probability: 48.0%."
Karnataka,Bellary,0.4765697990911095,MEDIUM,63.24,150.55499999999907,435.0649939999996,5999.299972,0.47657,0.0,0.0,0.47657,False,3,MEDIUM,moderate rainfall ML signal (47.7%),"Moderate flood risk detected in Bellary, Karnataka. Probability: 47.7%."
Karnataka,Hassan,0.4764793520507304,MEDIUM,105.265,199.51,252.5150000000002,3374.87995798,0.476479,0.0,0.0,0.476479,False,3,MEDIUM,moderate rainfall ML signal (47.6%),"Moderate flood risk detected in Hassan, Karnataka. Probability: 47.6%."
Maharashtra,Nagpur,0.474233666198097,MEDIUM,3.4549997,177.6549916999991,552.469990700001,16719.474940599997,0.474234,0.0,0.0,0.474234,False,3,MEDIUM,moderate rainfall ML signal (47.4%),"Moderate flood risk detected in Nagpur, Maharashtra. Probability: 47.4%."
Maharashtra,Osmanabad,0.4736152651900914,MEDIUM,560.74,989.0649999999996,1322.84499997,2506.55999947,0.473615,0.0,0.0,0.473615,False,3,MEDIUM,moderate rainfall ML signal (47.4%),"Moderate flood risk detected in Osmanabad, Maharashtra. Probability: 47.4%."
Maharashtra,Garhchiroli,0.4687581659022373,MEDIUM,387.755,1052.4099899999987,1580.264990000001,12322.324983,0.468758,0.0,0.0,0.468758,False,3,MEDIUM,moderate rainfall ML signal (46.9%),"Moderate flood risk detected in Garhchiroli, Maharashtra. Probability: 46.9%."
Bihar,Araria,0.4670200467585577,MEDIUM,3.61,148.19499299999978,245.59999300000013,4150.4199901,0.46702,0.0,0.0,0.46702,False,3,MEDIUM,moderate rainfall ML signal (46.7%),"Moderate flood risk detected in Araria, Bihar. Probability: 46.7%."
Karnataka,Haveri,0.4665140667132718,MEDIUM,90.13,304.56499999999954,377.294999,4028.189787,0.466514,0.0,0.0,0.466514,False,3,MEDIUM,moderate rainfall ML signal (46.7%),"Moderate flood risk detected in Haveri, Karnataka. Probability: 46.7%."
Andhra Pradesh,Vizianagaram,0.4642283434112075,MEDIUM,813.07,1460.0699999999997,1989.44,10288.204963,0.464228,0.0,0.0,0.464228,False,3,MEDIUM,moderate rainfall ML signal (46.4%),"Moderate flood risk detected in Vizianagaram, Andhra Pradesh. Probability: 46.4%."
Karnataka,Dakshin Kannad,0.4623476166864897,MEDIUM,64.43,189.74499000000023,233.294989,3065.68998303,0.462348,0.0,0.0,0.462348,False,3,MEDIUM,moderate rainfall ML signal (46.2%),"Moderate flood risk detected in Dakshin Kannad, Karnataka. Probability: 46.2%."
Madhya Pradesh,Indore,0.461211261652693,MEDIUM,280.055,2198.9750000000004,2395.814998,10558.494844,0.461211,0.0,0.0,0.461211,False,3,MEDIUM,moderate rainfall ML signal (46.1%),"Moderate flood risk detected in Indore, Madhya Pradesh. Probability: 46.1%."
Chhattisgarh,Durg,0.454379986837392,MEDIUM,29.220001,255.0749910000009,537.5399810000009,11083.089674,0.45438,0.0,0.0,0.45438,False,3,MEDIUM,moderate rainfall ML signal (45.4%),"Moderate flood risk detected in Durg, Chhattisgarh. Probability: 45.4%."
Uttar Pradesh,Pilibhit,0.4537393639255325,MEDIUM,14.924999,242.1849949999998,332.81999396999976,4493.614952970001,0.453739,0.0,0.0,0.453739,False,3,MEDIUM,moderate rainfall ML signal (45.4%),"Moderate flood risk detected in Pilibhit, Uttar Pradesh. Probability: 45.4%."
Assam,Dhuburi,0.4514499777472277,MEDIUM,8.305,169.94998999999976,237.4649870000002,3064.0199358,0.45145,0.0,0.0,0.45145,False,3,MEDIUM,moderate rainfall ML signal (45.1%),"Moderate flood risk detected in Dhuburi, Assam. Probability: 45.1%."
Andhra Pradesh,Nellore,0.4498183156941778,MEDIUM,186.37001,430.66500500000046,1190.9100008000005,8070.4999911,0.449818,0.0,0.0,0.449818,False,3,MEDIUM,moderate rainfall ML signal (45.0%),"Moderate flood risk detected in Nellore, Andhra Pradesh. Probability: 45.0%."
Tamil Nadu,Dharmapuri,0.4447775589330955,MEDIUM,200.775,340.0349980000012,1505.2049677999998,4292.1149548,0.444778,0.0,0.0,0.444778,False,3,MEDIUM,moderate rainfall ML signal (44.5%),"Moderate flood risk detected in Dharmapuri, Tamil Nadu. Probability: 44.5%."
Maharashtra,Nandurbar,0.4432108536288118,MEDIUM,11.320001,226.7100029999996,475.4850136,9737.55000389,0.443211,0.0,0.0,0.443211,False,3,MEDIUM,moderate rainfall ML signal (44.3%),"Moderate flood risk detected in Nandurbar, Maharashtra. Probability: 44.3%."
Andhra Pradesh,Mahbubnagar,0.4403677624563256,MEDIUM,424.69998,1339.6049799999992,2493.24498,19963.834781,0.440368,0.0,0.0,0.440368,False,3,MEDIUM,moderate rainfall ML signal (44.0%),"Moderate flood risk detected in Mahbubnagar, Andhra Pradesh. Probability: 44.0%."
Madhya Pradesh,Sidhi,0.4398830628826142,MEDIUM,301.19498,5029.08998,5441.879979999999,27225.79452,0.439883,0.0,0.0,0.439883,False,3,MEDIUM,moderate rainfall ML signal (44.0%),"Moderate flood risk detected in Sidhi, Madhya Pradesh. Probability: 44.0%."
Tamil Nadu,Coimbatore,0.4393658092652675,MEDIUM,105.534996,171.31999549999955,371.0649855,3646.4699515,0.439366,0.0,0.0,0.439366,False,3,MEDIUM,moderate rainfall ML signal (43.9%),"Moderate flood risk detected in Coimbatore, Tamil Nadu. Probability: 43.9%."
Maharashtra,Pune,0.4309639453525246,MEDIUM,1346.4349,4063.9999,4683.979874999999,13341.999726,0.430964,0.0,0.0,0.430964,False,3,MEDIUM,moderate rainfall ML signal (43.1%),"Moderate flood risk detected in Pune, Maharashtra. Probability: 43.1%."
Chhattisgarh,Raj Nandgaon,0.4307979020324214,MEDIUM,129.51999,496.2999900000002,864.65498,10216.559584,0.430798,0.0,0.0,0.430798,False,3,MEDIUM,moderate rainfall ML signal (43.1%),"Moderate flood risk detected in Raj Nandgaon, Chhattisgarh. Probability: 43.1%."
Andhra Pradesh,West Godavari,0.4250442325458822,MEDIUM,26.025,304.284995,1020.705035,9116.1297959,0.425044,0.0,0.0,0.425044,False,3,MEDIUM,moderate rainfall ML signal (42.5%),"Moderate flood risk detected in West Godavari, Andhra Pradesh. Probability: 42.5%."
Chhattisgarh,Dhamtari,0.4242091568494411,MEDIUM,198.83,677.8999800000007,907.0749839999994,9356.134955,0.424209,0.0,0.0,0.424209,False,3,MEDIUM,moderate rainfall ML signal (42.4%),"Moderate flood risk detected in Dhamtari, Chhattisgarh. Probability: 42.4%."
Uttaranchal,Dehra Dun,0.4233841675941352,MEDIUM,32.375,422.2400200000002,517.120016,3241.294929,0.423384,0.0,0.0,0.423384,False,3,MEDIUM,moderate rainfall ML signal (42.3%),"Moderate flood risk detected in Dehra Dun, Uttaranchal. Probability: 42.3%."
Maharashtra,Aurangabad,0.4232181861395092,MEDIUM,116.30499,254.2199900000003,450.4149897,2150.349943,0.423218,0.0,0.0,0.423218,False,3,MEDIUM,moderate rainfall ML signal (42.3%),"Moderate flood risk detected in Aurangabad, Maharashtra. Probability: 42.3%."
Rajasthan,Chittaurgarh,0.4203367037314047,MEDIUM,108.35,3694.8649999999993,4132.909996999999,23654.129637,0.420337,0.0,0.0,0.420337,False,3,MEDIUM,moderate rainfall ML signal (42.0%),"Moderate flood risk detected in Chittaurgarh, Rajasthan. Probability: 42.0%."
Andhra Pradesh,Cuddapah,0.420218794020449,MEDIUM,200.325,539.944995000001,1411.769945,9290.789815,0.420219,0.0,0.0,0.420219,False,3,MEDIUM,moderate rainfall ML signal (42.0%),"Moderate flood risk detected in Cuddapah, Andhra Pradesh. Probability: 42.0%."
Rajasthan,Udaipur,0.4186442538541438,MEDIUM,304.805,2413.2998,2624.5148,11322.239473,0.418644,0.0,0.0,0.418644,False,3,MEDIUM,moderate rainfall ML signal (41.9%),"Moderate flood risk detected in Udaipur, Rajasthan. Probability: 41.9%."
Chhattisgarh,Raipur,0.4166820517516181,MEDIUM,167.06999,585.2899899999989,918.2149816,9167.5499365,0.416682,0.0,0.0,0.416682,False,3,MEDIUM,moderate rainfall ML signal (41.7%),"Moderate flood risk detected in Raipur, Chhattisgarh. Probability: 41.7%."
Madhya Pradesh,Dewas,0.4166072013153002,MEDIUM,269.16,2757.6900000000005,3051.54999,19774.024780000003,0.416607,0.0,0.0,0.416607,False,3,MEDIUM,moderate rainfall ML signal (41.7%),"Moderate flood risk detected in Dewas, Madhya Pradesh. Probability: 41.7%."
Madhya Pradesh,Mandla,0.415848823774692,MEDIUM,183.06,1997.4999,2194.024903,17110.689469,0.415849,0.0,0.0,0.415849,False,3,MEDIUM,moderate rainfall ML signal (41.6%),"Moderate flood risk detected in Mandla, Madhya Pradesh. Probability: 41.6%."
Delhi,Delhi,0.4153802981507114,MEDIUM,11.289999,74.38999999999955,165.6049899999998,3107.86484717,0.41538,0.0,0.0,0.41538,False,3,MEDIUM,moderate rainfall ML signal (41.5%),"Moderate flood risk detected in Delhi, Delhi. Probability: 41.5%."
Maharashtra,Solapur,0.4144575969748849,MEDIUM,0.285,8.74499994999983,586.6549999500002,2666.88498723,0.414458,0.0,0.0,0.414458,False,3,MEDIUM,moderate rainfall ML signal (41.4%),"Moderate flood risk detected in Solapur, Maharashtra. Probability: 41.4%."
Madhya Pradesh,Sehore,0.4112540532977402,MEDIUM,36.15,1294.7699999999982,1557.234999,15131.739748,0.411254,0.0,0.0,0.411254,False,3,MEDIUM,moderate rainfall ML signal (41.1%),"Moderate flood risk detected in Sehore, Madhya Pradesh. Probability: 41.1%."
Rajasthan,Jalor,0.4086625535824937,MEDIUM,272.34,3475.4799000000007,3975.964899000001,23170.224429,0.408663,0.0,0.0,0.408663,False,3,MEDIUM,moderate rainfall ML signal (40.9%),"Moderate flood risk detected in Jalor, Rajasthan. Probability: 40.9%."
Orissa,Puri,0.4034248908130049,MEDIUM,516.49,1047.349998,1167.979998,3091.799982,0.403425,0.0,0.0,0.403425,False,3,MEDIUM,moderate rainfall ML signal (40.3%),"Moderate flood risk detected in Puri, Orissa. Probability: 40.3%."
Orissa,Jajpur,0.4017901772317163,MEDIUM,0.0,0.93999994,217.21498993999973,3087.18984594,0.40179,0.0,0.0,0.40179,False,3,MEDIUM,moderate rainfall ML signal (40.2%),"Moderate flood risk detected in Jajpur, Orissa. Probability: 40.2%."
Madhya Pradesh,Narsinghpur,0.4010274237178137,MEDIUM,20.499998,322.2999879999991,410.70998696,11866.38969176,0.401027,0.0,0.0,0.401027,False,3,MEDIUM,moderate rainfall ML signal (40.1%),"Moderate flood risk detected in Narsinghpur, Madhya Pradesh. Probability: 40.1%."
Assam,Lakhimpur,0.3966175336249114,MEDIUM,177.925,310.15000800000047,335.2200069999999,3086.8349898,0.396618,0.0,0.0,0.396618,False,3,MEDIUM,limited flood evidence,"Moderate flood risk detected in Lakhimpur, Assam. Probability: 39.7%."
Punjab,Moga,0.3943820033925505,MEDIUM,12.094999,433.6199890000003,507.6249889999999,2969.2199498,0.394382,0.0,0.0,0.394382,False,3,MEDIUM,limited flood evidence,"Moderate flood risk detected in Moga, Punjab. Probability: 39.4%."
Maharashtra,Greater Bombay,0.393480393767636,MEDIUM,3.82,174.11500999999976,214.0300119,2319.0700222,0.39348,0.0,0.0,0.39348,False,3,MEDIUM,limited flood evidence,"Moderate flood risk detected in Greater Bombay, Maharashtra. Probability: 39.3%."
Rajasthan,Sawai Madhopur,0.3914987581326807,MEDIUM,58.355,289.8149799999998,335.19498,2643.0299125,0.391499,0.0,0.0,0.391499,False,3,MEDIUM,limited flood evidence,"Moderate flood risk detected in Sawai Madhopur, Rajasthan. Probability: 39.1%."
Gujarat,Bharuch,0.3896626628584823,MEDIUM,0.0,0.0849999999995452,284.5599998,4088.4948693,0.389663,0.0,0.0,0.389663,False,3,MEDIUM,limited flood evidence,"Moderate flood risk detected in Bharuch, Gujarat. Probability: 39.0%."
Jharkhand,Hazaribag,0.3885979276112257,MEDIUM,146.39,2516.7098400000004,2718.6448340000006,14012.134639,0.388598,0.0,0.0,0.388598,False,3,MEDIUM,limited flood evidence,"Moderate flood risk detected in Hazaribag, Jharkhand. Probability: 38.9%."
Rajasthan,Baran,0.3885964775063135,MEDIUM,92.034996,2157.400095999999,2372.180086000001,12785.81986,0.388596,0.0,0.0,0.388596,False,3,MEDIUM,limited flood evidence,"Moderate flood risk detected in Baran, Rajasthan. Probability: 38.9%."
Andhra Pradesh,Nizamabad,0.3867337325688484,MEDIUM,923.41003,2996.83003,3528.235032,10271.779903,0.386734,0.0,0.0,0.386734,False,3,MEDIUM,limited flood evidence,"Moderate flood risk detected in Nizamabad, Andhra Pradesh. Probability: 38.7%."
Punjab,Sangrur,0.3861401592425036,MEDIUM,57.125,551.6399999999996,709.514999,3538.629996,0.38614,0.0,0.0,0.38614,False,3,MEDIUM,limited flood evidence,"Moderate flood risk detected in Sangrur, Punjab. Probability: 38.6%."
Punjab,Faridkot,0.3852560834074079,MEDIUM,18.88,298.00000000000006,352.06500099500005,2374.769976795,0.385256,0.0,0.0,0.385256,False,3,MEDIUM,limited flood evidence,"Moderate flood risk detected in Faridkot, Punjab. Probability: 38.5%."
West Bengal,Birbhum,0.3833433613302958,MEDIUM,305.125,2450.85487,2606.0048693,12340.4798013,0.383343,0.0,0.0,0.383343,False,3,MEDIUM,limited flood evidence,"Moderate flood risk detected in Birbhum, West Bengal. Probability: 38.3%."
Chhattisgarh,Jashpur,0.3810077016021878,MEDIUM,10.929999,194.2650089999973,257.7250080999996,9229.36978074,0.381008,0.0,0.0,0.381008,False,3,MEDIUM,limited flood evidence,"Moderate flood risk detected in Jashpur, Chhattisgarh. Probability: 38.1%."
Assam,Tinsukia,0.3799099502648049,MEDIUM,11.62,226.3099949999994,275.53499399999976,4530.7599148,0.37991,0.0,0.0,0.37991,False,3,MEDIUM,limited flood evidence,"Moderate flood risk detected in Tinsukia, Assam. Probability: 38.0%."
Gujarat,Kheda,0.3713317909402721,MEDIUM,343.00998,2273.994939999999,2538.1449300000004,12133.9796937,0.371332,0.0,0.0,0.371332,False,3,MEDIUM,limited flood evidence,"Moderate flood risk detected in Kheda, Gujarat. Probability: 37.1%."
Karnataka,Bangalore Rural,0.3704596471174887,MEDIUM,103.380005,241.95999899999973,399.91499400000026,2135.13498895,0.37046,0.0,0.0,0.37046,False,3,MEDIUM,limited flood evidence,"Moderate flood risk detected in Bangalore Rural, Karnataka. Probability: 37.0%."
Orissa,Ganjam,0.3696054277023046,MEDIUM,472.305,849.2999799999996,947.4749750999996,2244.7199626,0.369605,0.0,0.0,0.369605,False,3,MEDIUM,limited flood evidence,"Moderate flood risk detected in Ganjam, Orissa. Probability: 37.0%."
Tamil Nadu,Dindigul,0.3646127552865396,MEDIUM,334.63498,416.89497999999935,813.8549699000002,2521.21495495,0.364613,0.0,0.0,0.364613,False,3,MEDIUM,limited flood evidence,"Moderate flood risk detected in Dindigul, Tamil Nadu. Probability: 36.5%."
Punjab,Fatehgarh Sahib,0.3611844446282526,MEDIUM,19.384998,251.1799920000001,297.64999199999977,2120.839937,0.361184,0.0,0.0,0.361184,False,3,MEDIUM,limited flood evidence,"Moderate flood risk detected in Fatehgarh Sahib, Punjab. Probability: 36.1%."
Maharashtra,Thane,0.3556023906038101,MEDIUM,0.53499997,52.40499796999864,437.71999797000086,10001.08992798,0.355602,0.0,0.0,0.355602,False,3,MEDIUM,limited flood evidence,"Moderate flood risk detected in Thane, Maharashtra. Probability: 35.6%."
Gujarat,Surendranagar,0.3537932676114789,MEDIUM,376.65497,3081.969870000001,3500.12486,17677.969759,0.353793,0.0,0.0,0.353793,False,3,MEDIUM,limited flood evidence,"Moderate flood risk detected in Surendranagar, Gujarat. Probability: 35.4%."
Himachal Pradesh,Chamba,0.3506883685286817,MEDIUM,1.5799999,99.66499489999975,307.71000380000004,4882.244834700001,0.350688,0.0,0.0,0.350688,False,3,MEDIUM,limited flood evidence,"Moderate flood risk detected in Chamba, Himachal Pradesh. Probability: 35.1%."
Jharkhand,Simdega,0.3485607079355526,LOW,0.095,157.78001,233.9500049,10740.0748089,0.348561,0.0,0.0,0.348561,False,4,MEDIUM,limited flood evidence,"Low flood risk in Simdega, Jharkhand. Probability: 34.9%."
Maharashtra,Latur,0.3472836295275893,LOW,1047.76,2722.77487,3260.6798700000004,5327.5898247000005,0.347284,0.0,0.0,0.347284,False,4,MEDIUM,limited flood evidence,"Low flood risk in Latur, Maharashtra. Probability: 34.7%."
Orissa,Sundargarh,0.3434384781676811,LOW,755.91,4543.950000000003,4912.534995,24037.834834,0.343438,0.0,0.0,0.343438,False,4,MEDIUM,limited flood evidence,"Low flood risk in Sundargarh, Orissa. Probability: 34.3%."
Madhya Pradesh,Mandsaur,0.3414279829426882,LOW,51.909996,330.689966,344.2499656999998,2243.91490745,0.341428,0.0,0.0,0.341428,False,4,MEDIUM,limited flood evidence,"Low flood risk in Mandsaur, Madhya Pradesh. Probability: 34.1%."
Assam,Kamrup,0.33784915373128,LOW,0.0,89.83499960000069,164.93999659900047,3821.659998379,0.337849,0.0,0.0,0.337849,False,4,MEDIUM,limited flood evidence,"Low flood risk in Kamrup, Assam. Probability: 33.8%."
Uttar Pradesh,Moradabad,0.3370267427741157,LOW,5.125,76.239998,171.584998,3465.01486409,0.337027,0.0,0.0,0.337027,False,4,MEDIUM,limited flood evidence,"Low flood risk in Moradabad, Uttar Pradesh. Probability: 33.7%."
Orissa,Koraput,0.335330939195425,LOW,5.245,275.774995,945.894995,12505.5048971,0.335331,0.0,0.0,0.335331,False,4,MEDIUM,limited flood evidence,"Low flood risk in Koraput, Orissa. Probability: 33.5%."
Maharashtra,Bid,0.3333790165847535,LOW,1135.2999,4886.124859999998,5672.72486,23402.694792999995,0.333379,0.0,0.0,0.333379,False,4,MEDIUM,limited flood evidence,"Low flood risk in Bid, Maharashtra. Probability: 33.3%."
Gujarat,Sabar Kantha,0.3332398021188791,LOW,0.0,31.185000000000457,97.1149979999991,6332.284964604,0.33324,0.0,0.0,0.33324,False,4,MEDIUM,limited flood evidence,"Low flood risk in Sabar Kantha, Gujarat. Probability: 33.3%."
Orissa,Cuttack,0.3270842578670316,LOW,29.169998,148.3949930000009,276.9899929980009,9116.629946938,0.327084,0.0,0.0,0.327084,False,4,MEDIUM,limited flood evidence,"Low flood risk in Cuttack, Orissa. Probability: 32.7%."
Chhattisgarh,Bastar,0.3230531138809108,LOW,79.89,118.49000199999888,421.934987,5738.3297966,0.323053,0.0,0.0,0.323053,False,4,MEDIUM,limited flood evidence,"Low flood risk in Bastar, Chhattisgarh. Probability: 32.3%."
Karnataka,Belgaum,0.3207146731296431,LOW,243.84999,411.6949900000005,1157.0049899,3366.1399539,0.320715,0.0,0.0,0.320715,False,4,MEDIUM,limited flood evidence,"Low flood risk in Belgaum, Karnataka. Probability: 32.1%."
Bihar,Vaishali,0.319936473604654,LOW,104.59,311.7249999999999,320.1849997000003,1997.6049448,0.319936,0.0,0.0,0.319936,False,4,MEDIUM,limited flood evidence,"Low flood risk in Vaishali, Bihar. Probability: 32.0%."
Madhya Pradesh,Hoshangabad,0.3181304415729805,LOW,415.22998,3013.44498,3292.564978,19445.219553000003,0.31813,0.0,0.0,0.31813,False,4,MEDIUM,limited flood evidence,"Low flood risk in Hoshangabad, Madhya Pradesh. Probability: 31.8%."
Jharkhand,Giridih,0.3170188682825959,LOW,46.414997,2394.934797,2594.6497965,12714.879473200002,0.317019,0.0,0.0,0.317019,False,4,MEDIUM,limited flood evidence,"Low flood risk in Giridih, Jharkhand. Probability: 31.7%."
Madhya Pradesh,Betul,0.3148634716727667,LOW,37.36,122.06500000000024,236.7049966,1539.9399558,0.314863,0.0,0.0,0.314863,False,4,MEDIUM,limited flood evidence,"Low flood risk in Betul, Madhya Pradesh. Probability: 31.5%."
Maharashtra,Parbhani,0.3147363455854812,LOW,0.32,150.694995,435.7649849999995,8860.969730980001,0.314736,0.0,0.0,0.314736,False,4,MEDIUM,limited flood evidence,"Low flood risk in Parbhani, Maharashtra. Probability: 31.5%."
Orissa,Sambalpur,0.3130798351102333,LOW,73.05499,270.2399889999996,331.7199900000003,1841.9699643,0.31308,0.0,0.0,0.31308,False,4,MEDIUM,limited flood evidence,"Low flood risk in Sambalpur, Orissa. Probability: 31.3%."
Orissa,Khordha,0.3100574621484012,LOW,209.85999,846.68498,1090.0399801,3865.0399525,0.310057,0.0,0.0,0.310057,False,4,MEDIUM,limited flood evidence,"Low flood risk in Khordha, Orissa. Probability: 31.0%."
Jharkhand,Palamu,0.3023925863554048,LOW,182.97499,2507.81989,2704.359893,13520.684593,0.302393,0.0,0.0,0.302393,False,4,MEDIUM,limited flood evidence,"Low flood risk in Palamu, Jharkhand. Probability: 30.2%."
Orissa,Sonepur,0.3019429810346588,LOW,0.0,1.05,167.52999993000023,3681.394929604,0.301943,0.0,0.0,0.301943,False,4,MEDIUM,limited flood evidence,"Low flood risk in Sonepur, Orissa. Probability: 30.2%."
Madhya Pradesh,Seoni,0.3003666075387538,LOW,302.295,2364.445,2603.68,17622.089551999998,0.300367,0.0,0.0,0.300367,False,4,MEDIUM,limited flood evidence,"Low flood risk in Seoni, Madhya Pradesh. Probability: 30.0%."
Orissa,Baleshwar,0.2961273720182337,LOW,71.27,224.054997,296.7699965999999,2071.8599208,0.296127,0.0,0.0,0.296127,False,4,MEDIUM,limited flood evidence,"Low flood risk in Baleshwar, Orissa. Probability: 29.6%."
Chhattisgarh,Bilaspur,0.2937143167294539,LOW,443.31998,2533.099979999999,2726.8199750000003,16054.569735,0.293714,0.0,0.0,0.293714,False,4,MEDIUM,limited flood evidence,"Low flood risk in Bilaspur, Chhattisgarh. Probability: 29.4%."
Uttar Pradesh,Jalaun,0.2871753099661215,LOW,95.285,318.79498999999976,343.4649880000002,2668.8799508,0.287175,0.0,0.0,0.287175,False,4,MEDIUM,limited flood evidence,"Low flood risk in Jalaun, Uttar Pradesh. Probability: 28.7%."
Bihar,Supaul,0.2869972016068098,LOW,0.215,73.1949950000001,168.5899950000001,3240.93999077,0.286997,0.0,0.0,0.286997,False,4,MEDIUM,limited flood evidence,"Low flood risk in Supaul, Bihar. Probability: 28.7%."
Maharashtra,Washim,0.2850228087912154,LOW,138.14499,344.24999,390.0249909799999,2127.79988128,0.285023,0.0,0.0,0.285023,False,4,MEDIUM,limited flood evidence,"Low flood risk in Washim, Maharashtra. Probability: 28.5%."
Orissa,Mayurbhanj,0.272651881167795,LOW,614.755,3221.73995,3586.96494,20718.739571,0.272652,0.0,0.0,0.272652,False,4,MEDIUM,limited flood evidence,"Low flood risk in Mayurbhanj, Orissa. Probability: 27.3%."
Tamil Nadu,Tiruchchirappalli,0.2725568660383757,LOW,110.77,152.7700000000003,265.92000899999977,2472.89499541,0.272557,0.0,0.0,0.272557,False,4,MEDIUM,limited flood evidence,"Low flood risk in Tiruchchirappalli, Tamil Nadu. Probability: 27.3%."
Uttar Pradesh,Bahraich,0.260467800199594,LOW,36.074997,291.81498299999964,336.65498292,1817.14497812,0.260468,0.0,0.0,0.260468,False,4,MEDIUM,limited flood evidence,"Low flood risk in Bahraich, Uttar Pradesh. Probability: 26.0%."
Andhra Pradesh,Warangal,0.2583445149204942,LOW,1329.145,2438.86496,3182.1099198,5795.354771,0.258345,0.0,0.0,0.258345,False,4,MEDIUM,limited flood evidence,"Low flood risk in Warangal, Andhra Pradesh. Probability: 25.8%."
Orissa,Angul,0.2575650611252645,LOW,0.0,1.1499999999997723,352.68497990000003,6855.1098038,0.257565,0.0,0.0,0.257565,False,4,MEDIUM,limited flood evidence,"Low flood risk in Angul, Orissa. Probability: 25.8%."
Madhya Pradesh,Chhindwara,0.2564180533809035,LOW,480.09998,2500.11498,2713.6749780000005,11916.029859,0.256418,0.0,0.0,0.256418,False,4,MEDIUM,limited flood evidence,"Low flood risk in Chhindwara, Madhya Pradesh. Probability: 25.6%."
Madhya Pradesh,Sagar,0.2553092447507286,LOW,63.574997,182.464987,221.55498705000048,2074.26996365,0.255309,0.0,0.0,0.255309,False,4,MEDIUM,limited flood evidence,"Low flood risk in Sagar, Madhya Pradesh. Probability: 25.5%."
Jammu and Kashmir,Baramula (Kashmir North),0.2441999592177619,LOW,2.315,30.25000100000023,127.1650008,4332.0448928000005,0.2442,0.0,0.0,0.2442,False,4,MEDIUM,limited flood evidence,"Low flood risk in Baramula (Kashmir North), Jammu and Kashmir. Probability: 24.4%."
Rajasthan,Banswara,0.2385184235757867,LOW,0.0,5.59,39.235,4202.01494138,0.238518,0.0,0.0,0.238518,False,4,MEDIUM,limited flood evidence,"Low flood risk in Banswara, Rajasthan. Probability: 23.9%."
Maharashtra,Bhandara,0.233761136708128,LOW,0.0,6.759999799999772,178.0899998000007,6681.1799096,0.233761,0.0,0.0,0.233761,False,4,MEDIUM,limited flood evidence,"Low flood risk in Bhandara, Maharashtra. Probability: 23.4%."
Orissa,Boudh,0.2291842408854955,LOW,0.089999996,29.169998696000228,142.02000759600182,6911.124988526001,0.229184,0.0,0.0,0.229184,False,4,MEDIUM,limited flood evidence,"Low flood risk in Boudh, Orissa. Probability: 22.9%."
Tripura,North Tripura,0.2273327038531848,LOW,0.275,180.5050199999997,207.99001929,1796.4350240299998,0.227333,0.0,0.0,0.227333,False,4,MEDIUM,limited flood evidence,"Low flood risk in North Tripura, Tripura. Probability: 22.7%."
Chhattisgarh,Raigarh,0.2243504597874864,LOW,290.755,2019.1900000000005,2174.56,12107.01977,0.22435,0.0,0.0,0.22435,False,4,MEDIUM,limited flood evidence,"Low flood risk in Raigarh, Chhattisgarh. Probability: 22.4%."
Andhra Pradesh,Rangareddi,0.2191053163618744,LOW,0.99499995,16.114999749998923,375.19998975,2753.95998123,0.219105,0.0,0.0,0.219105,False,4,MEDIUM,limited flood evidence,"Low flood risk in Rangareddi, Andhra Pradesh. Probability: 21.9%."
Orissa,Dhenkanal,0.2190983875115814,LOW,0.0,0.9200000000002272,253.5549999999997,6231.644899894,0.219098,0.0,0.0,0.219098,False,4,MEDIUM,limited flood evidence,"Low flood risk in Dhenkanal, Orissa. Probability: 21.9%."
Punjab,Firozpur,0.2185982653225901,LOW,19.999998,284.52999799999947,369.5399975999999,2745.4899431,0.218598,0.0,0.0,0.218598,False,4,MEDIUM,limited flood evidence,"Low flood risk in Firozpur, Punjab. Probability: 21.9%."
Madhya Pradesh,Ratlam,0.21049004187542,LOW,0.0,5.514999999999091,18.959999,3889.164879996,0.21049,0.0,0.0,0.21049,False,4,MEDIUM,limited flood evidence,"Low flood risk in Ratlam, Madhya Pradesh. Probability: 21.0%."
Tamil Nadu,Thoothukudi,0.2097812227768178,LOW,34.085003,44.18500289999946,47.83000289999909,2799.429988399,0.209781,0.0,0.0,0.209781,False,4,MEDIUM,limited flood evidence,"Low flood risk in Thoothukudi, Tamil Nadu. Probability: 21.0%."
Chhattisgarh,Mahasamund,0.2026613236057276,LOW,0.0,0.1550000000001136,129.77000000000024,2298.5199398000004,0.202661,0.0,0.0,0.202661,False,4,MEDIUM,limited flood evidence,"Low flood risk in Mahasamund, Chhattisgarh. Probability: 20.3%."
Madhya Pradesh,Raisen,0.2017609672705352,LOW,0.0,55.66999700000182,107.349999,9882.024722857,0.201761,0.0,0.0,0.201761,False,4,MEDIUM,limited flood evidence,"Low flood risk in Raisen, Madhya Pradesh. Probability: 20.2%."
Maharashtra,Hingoli,0.1994643123065576,LOW,0.16,2.859999899999318,204.3699969,2018.774996547,0.199464,0.0,0.0,0.199464,False,4,MEDIUM,limited flood evidence,"Low flood risk in Hingoli, Maharashtra. Probability: 19.9%."
Maharashtra,Gondiya,0.1920233747847385,LOW,0.0,4.7599997600006825,107.37499976,7292.25984523,0.192023,0.0,0.0,0.192023,False,4,MEDIUM,limited flood evidence,"Low flood risk in Gondiya, Maharashtra. Probability: 19.2%."
Gujarat,Porbandar,0.1910138445405698,LOW,0.0,19.3249986,107.30499860000046,5655.99993108,0.191014,0.0,0.0,0.191014,False,4,MEDIUM,limited flood evidence,"Low flood risk in Porbandar, Gujarat. Probability: 19.1%."
Haryana,Ambala,0.1892403970653204,LOW,19.66,278.27499,350.06498996000005,1629.70497696,0.18924,0.0,0.0,0.18924,False,4,MEDIUM,limited flood evidence,"Low flood risk in Ambala, Haryana. Probability: 18.9%."
Rajasthan,Bhilwara,0.1837107571977401,LOW,0.03,0.2250000050005116,3.1199998019990907,3212.034861801,0.183711,0.0,0.0,0.183711,False,4,MEDIUM,limited flood evidence,"Low flood risk in Bhilwara, Rajasthan. Probability: 18.4%."
Rajasthan,Tonk,0.1830042318454091,LOW,10.555,20.34499959999953,33.1049994,728.4799855,0.183004,0.0,0.0,0.183004,False,4,MEDIUM,limited flood evidence,"Low flood risk in Tonk, Rajasthan. Probability: 18.3%."
Uttar Pradesh,Pratapgarh,0.1789159732371067,LOW,63.85,139.5449997,142.52499965,1320.39497215,0.178916,0.0,0.0,0.178916,False,4,MEDIUM,limited flood evidence,"Low flood risk in Pratapgarh, Uttar Pradesh. Probability: 17.9%."
Jharkhand,Purba Singhbhum,0.1753157507242939,LOW,0.005,24.369997950000453,63.42999595000046,6899.79488995,0.175316,0.0,0.0,0.175316,False,4,MEDIUM,limited flood evidence,"Low flood risk in Purba Singhbhum, Jharkhand. Probability: 17.5%."
Orissa,Kendrapara,0.1717022538273927,LOW,0.0,3.065000000001137,139.6750000000007,5869.9248889,0.171702,0.0,0.0,0.171702,False,4,MEDIUM,limited flood evidence,"Low flood risk in Kendrapara, Orissa. Probability: 17.2%."
Jammu and Kashmir,Kupwara (Muzaffarabad),0.1688622907557521,LOW,0.605,17.499999999999773,230.4799939399996,5587.51983464,0.168862,0.0,0.0,0.168862,False,4,MEDIUM,limited flood evidence,"Low flood risk in Kupwara (Muzaffarabad), Jammu and Kashmir. Probability: 16.9%."
Tamil Nadu,Kancheepuram,0.1686113972441912,LOW,36.03,130.66500399999967,152.520004,2388.05491646,0.168611,0.0,0.0,0.168611,False,4,MEDIUM,limited flood evidence,"Low flood risk in Kancheepuram, Tamil Nadu. Probability: 16.9%."
Jammu and Kashmir,Kargil,0.1685811786722984,LOW,1.115,25.83000060000135,129.72999540000134,4506.619983899999,0.168581,0.0,0.0,0.168581,False,4,MEDIUM,limited flood evidence,"Low flood risk in Kargil, Jammu and Kashmir. Probability: 16.9%."
Gujarat,Narmada,0.1673961554739019,LOW,0.0,0.0,44.305000009999546,1957.09995702,0.167396,0.0,0.0,0.167396,False,4,MEDIUM,limited flood evidence,"Low flood risk in Narmada, Gujarat. Probability: 16.7%."
Arunachal Pradesh,Lohit,0.1656917913469966,LOW,1.735,10.2749995,16.18499909,729.1699887539983,0.165692,0.0,0.0,0.165692,False,4,MEDIUM,limited flood evidence,"Low flood risk in Lohit, Arunachal Pradesh. Probability: 16.6%."
Madhya Pradesh,Shivpuri,0.1633531550646943,LOW,1.2299999,4.384999499995282,17.549998600000908,2523.2149473,0.163353,0.0,0.0,0.163353,False,4,MEDIUM,limited flood evidence,"Low flood risk in Shivpuri, Madhya Pradesh. Probability: 16.3%."
Nagaland,Dimapur,0.1614588586397197,LOW,0.22,30.724996,62.43999500000006,1748.7599401999998,0.161459,0.0,0.0,0.161459,False,4,MEDIUM,limited flood evidence,"Low flood risk in Dimapur, Nagaland. Probability: 16.1%."
Tamil Nadu,Erode,0.15712781638661,LOW,0.405,10.82999997,407.01497997,2325.07984337,0.157128,0.0,0.0,0.157128,False,4,MEDIUM,limited flood evidence,"Low flood risk in Erode, Tamil Nadu. Probability: 15.7%."
Tamil Nadu,Thiruvarur,0.1547951542664874,LOW,51.75499,65.059989,137.71498600000018,2634.4149865,0.154795,0.0,0.0,0.154795,False,4,MEDIUM,limited flood evidence,"Low flood risk in Thiruvarur, Tamil Nadu. Probability: 15.5%."
Jharkhand,Latehar,0.151216328235695,LOW,70.81,111.949999,116.244999,1345.4749734000002,0.151216,0.0,0.0,0.151216,False,4,MEDIUM,limited flood evidence,"Low flood risk in Latehar, Jharkhand. Probability: 15.1%."
Haryana,Faridabad,0.1481078868717052,LOW,21.59,88.32,99.74000000000008,1503.6949819,0.148108,0.0,0.0,0.148108,False,4,MEDIUM,limited flood evidence,"Low flood risk in Faridabad, Haryana. Probability: 14.8%."
Madhya Pradesh,Burhanpur,0.1466783791993502,LOW,0.0,0.12,127.45,5348.714792499999,0.146678,0.0,0.0,0.146678,False,4,MEDIUM,limited flood evidence,"Low flood risk in Burhanpur, Madhya Pradesh. Probability: 14.7%."
Bihar,Madhubani,0.1373808929541643,LOW,1.975,68.91499800000057,99.25999993999864,2794.09989974,0.137381,0.0,0.0,0.137381,False,4,MEDIUM,limited flood evidence,"Low flood risk in Madhubani, Bihar. Probability: 13.7%."
Jammu and Kashmir,Jammu,0.1372930199468428,LOW,0.17,19.72500000000003,210.73999799999928,4801.0248512,0.137293,0.0,0.0,0.137293,False,4,MEDIUM,limited flood evidence,"Low flood risk in Jammu, Jammu and Kashmir. Probability: 13.7%."
Tamil Nadu,Tirunelveli Kattabo,0.1320458151097726,LOW,31.03,47.70000000000091,59.86500050000034,3602.22492936,0.132046,0.0,0.0,0.132046,False,4,MEDIUM,limited flood evidence,"Low flood risk in Tirunelveli Kattabo, Tamil Nadu. Probability: 13.2%."
Himachal Pradesh,Sirmaur,0.1288099530540346,LOW,10.649999,86.83999869999975,129.87000070000022,1865.264979596,0.12881,0.0,0.0,0.12881,False,4,MEDIUM,limited flood evidence,"Low flood risk in Sirmaur, Himachal Pradesh. Probability: 12.9%."
Punjab,Ludhiana,0.1257279975018065,LOW,0.26,182.6749699999996,211.01996999999943,2015.52495359,0.125728,0.0,0.0,0.125728,False,4,MEDIUM,limited flood evidence,"Low flood risk in Ludhiana, Punjab. Probability: 12.6%."
Arunachal Pradesh,Tirap,0.1243942775049515,LOW,69.61,135.754996,140.8549957170001,944.979971977,0.124394,0.0,0.0,0.124394,False,4,MEDIUM,limited flood evidence,"Low flood risk in Tirap, Arunachal Pradesh. Probability: 12.4%."
Karnataka,Dharwad,0.124340694169741,LOW,0.0,0.0,82.68999398999988,1282.80494828,0.124341,0.0,0.0,0.124341,False,4,MEDIUM,limited flood evidence,"Low flood risk in Dharwad, Karnataka. Probability: 12.4%."
Karnataka,Chitradurga,0.121895986330871,LOW,22.849998,79.33499699999966,856.7599562799994,2010.164932775,0.121896,0.0,0.0,0.121896,False,4,MEDIUM,limited flood evidence,"Low flood risk in Chitradurga, Karnataka. Probability: 12.2%."
Rajasthan,Jaisalmer,0.1204372006732756,LOW,284.31,2113.384959999997,2671.019956,35621.689601,0.120437,0.0,0.0,0.120437,False,4,MEDIUM,limited flood evidence,"Low flood risk in Jaisalmer, Rajasthan. Probability: 12.0%."
West Bengal,Haora,0.1195695912888293,LOW,0.0,0.8449999700002274,7.94999893,1975.35997103,0.11957,0.0,0.0,0.11957,False,4,MEDIUM,limited flood evidence,"Low flood risk in Haora, West Bengal. Probability: 12.0%."
Mizoram,Lawngtlai,0.1181371615316072,LOW,0.0,0.0050000000004547,14.554999999999774,1637.46499684,0.118137,0.0,0.0,0.118137,False,4,MEDIUM,limited flood evidence,"Low flood risk in Lawngtlai, Mizoram. Probability: 11.8%."
Uttar Pradesh,Fatehpur,0.1124521722820558,LOW,10.235,32.40000099999997,34.450000998,689.159969238,0.112452,0.0,0.0,0.112452,False,4,MEDIUM,limited flood evidence,"Low flood risk in Fatehpur, Uttar Pradesh. Probability: 11.2%."
Gujarat,Vadodara,0.1122996274335372,LOW,17.395,100.8750000000005,138.65499870000005,806.0799504999999,0.1123,0.0,0.0,0.1123,False,4,MEDIUM,limited flood evidence,"Low flood risk in Vadodara, Gujarat. Probability: 11.2%."
Haryana,Yamuna Nagar,0.1113762766217789,LOW,28.93,416.0799999999998,468.1799969199999,1617.63997462,0.111376,0.0,0.0,0.111376,False,4,MEDIUM,limited flood evidence,"Low flood risk in Yamuna Nagar, Haryana. Probability: 11.1%."
Rajasthan,Bharatpur,0.1091575011025317,LOW,1.3749999,28.69499990000045,37.9149992000004,1376.5149656,0.109158,0.0,0.0,0.109158,False,4,MEDIUM,limited flood evidence,"Low flood risk in Bharatpur, Rajasthan. Probability: 10.9%."
Jammu and Kashmir,Udhampur,0.1090034143188966,LOW,0.0,1.4349999949994316,103.52999999499998,1506.830002204,0.109003,0.0,0.0,0.109003,False,4,MEDIUM,limited flood evidence,"Low flood risk in Udhampur, Jammu and Kashmir. Probability: 10.9%."
Mizoram,Saiha,0.1079705505370905,LOW,0.0,0.0800000000000568,22.070000000000228,2148.819954,0.107971,0.0,0.0,0.107971,False,4,MEDIUM,limited flood evidence,"Low flood risk in Saiha, Mizoram. Probability: 10.8%."
Arunachal Pradesh,West Siang,0.1014906940807037,LOW,0.65,13.474999999999543,24.45000000000045,1259.184913406,0.101491,0.0,0.0,0.101491,False,4,MEDIUM,limited flood evidence,"Low flood risk in West Siang, Arunachal Pradesh. Probability: 10.1%."
Uttar Pradesh,Jyotiba Phule Nagar,0.1007489046395331,LOW,3.67,13.945001,22.820001,1555.454955218,0.100749,0.0,0.0,0.100749,False,4,MEDIUM,limited flood evidence,"Low flood risk in Jyotiba Phule Nagar, Uttar Pradesh. Probability: 10.1%."
Jammu and Kashmir,Ladakh (Leh),0.0992179378040675,LOW,10.965,266.36000000000183,2395.184999,38946.449533,0.099218,0.0,0.0,0.099218,False,4,MEDIUM,limited flood evidence,"Low flood risk in Ladakh (Leh), Jammu and Kashmir. Probability: 9.9%."
Mizoram,Serchhip,0.0984854654035955,LOW,21.715,107.31999799999988,142.9049985,1196.0299883,0.098485,0.0,0.0,0.098485,False,4,MEDIUM,limited flood evidence,"Low flood risk in Serchhip, Mizoram. Probability: 9.8%."
Uttar Pradesh,Rampur,0.0984636463328903,LOW,1.34,29.35499900000012,47.444998,2264.1148937400003,0.098464,0.0,0.0,0.098464,False,4,MEDIUM,limited flood evidence,"Low flood risk in Rampur, Uttar Pradesh. Probability: 9.8%."
Karnataka,Gadag,0.0957741977565391,LOW,0.0,1.84,143.18499799999978,1890.6799877,0.095774,0.0,0.0,0.095774,False,4,MEDIUM,limited flood evidence,"Low flood risk in Gadag, Karnataka. Probability: 9.6%."
Tamil Nadu,Pudukkottai,0.095249330875461,LOW,97.895,168.06999799999954,382.2899979,1576.8749535,0.095249,0.0,0.0,0.095249,False,4,MEDIUM,limited flood evidence,"Low flood risk in Pudukkottai, Tamil Nadu. Probability: 9.5%."
Andhra Pradesh,Chittoor,0.0925679914608522,LOW,0.56500006,20.03000005999909,1115.27000036,2108.59499804,0.092568,0.0,0.0,0.092568,False,4,MEDIUM,limited flood evidence,"Low flood risk in Chittoor, Andhra Pradesh. Probability: 9.3%."
Uttar Pradesh,Lucknow,0.0907717380265719,LOW,0.16,6.429999999999744,14.21499957999983,694.054992457,0.090772,0.0,0.0,0.090772,False,4,MEDIUM,limited flood evidence,"Low flood risk in Lucknow, Uttar Pradesh. Probability: 9.1%."
Orissa,Jharsuguda,0.0902817191830921,LOW,69.81,176.43000399999994,206.96000198,1488.55502238,0.090282,0.0,0.0,0.090282,False,4,MEDIUM,limited flood evidence,"Low flood risk in Jharsuguda, Orissa. Probability: 9.0%."
West Bengal,Barddhaman,0.0865189511642378,LOW,16.445,39.78499999999994,64.77499941000005,858.5149902,0.086519,0.0,0.0,0.086519,False,4,MEDIUM,limited flood evidence,"Low flood risk in Barddhaman, West Bengal. Probability: 8.7%."
Maharashtra,Jalna,0.084660422737343,LOW,16.609999,73.8599966,245.54499356,1842.03999636,0.08466,0.0,0.0,0.08466,False,4,MEDIUM,limited flood evidence,"Low flood risk in Jalna, Maharashtra. Probability: 8.5%."
Bihar,Gaya,0.0843950812938205,LOW,0.26999998,3.669999779998181,15.054999080000114,2863.93995377,0.084395,0.0,0.0,0.084395,False,4,MEDIUM,limited flood evidence,"Low flood risk in Gaya, Bihar. Probability: 8.4%."
Uttar Pradesh,Jaunpur,0.0840639277720333,LOW,18.714998,89.404992,96.51999205,875.06497365,0.084064,0.0,0.0,0.084064,False,4,MEDIUM,limited flood evidence,"Low flood risk in Jaunpur, Uttar Pradesh. Probability: 8.4%."
Jharkhand,Koderma,0.0808477769786771,LOW,0.0,0.4399999979995452,1.185000038,1724.0899610339998,0.080848,0.0,0.0,0.080848,False,4,MEDIUM,limited flood evidence,"Low flood risk in Koderma, Jharkhand. Probability: 8.1%."
Tamil Nadu,Vellore,0.0793601788399023,LOW,29.750002,133.4050010000001,152.38500010000024,2474.6549534,0.07936,0.0,0.0,0.07936,False,4,MEDIUM,limited flood evidence,"Low flood risk in Vellore, Tamil Nadu. Probability: 7.9%."
Haryana,Gurgaon,0.0778560200664015,LOW,13.154999,122.25999599999992,132.48999599,1155.30996009,0.077856,0.0,0.0,0.077856,False,4,MEDIUM,limited flood evidence,"Low flood risk in Gurgaon, Haryana. Probability: 7.8%."
Uttaranchal,Rudra Prayag,0.0766698330823764,LOW,12.485,17.299999999999997,47.059999,820.0349529,0.07667,0.0,0.0,0.07667,False,4,MEDIUM,limited flood evidence,"Low flood risk in Rudra Prayag, Uttaranchal. Probability: 7.7%."
Punjab,Gurdaspur,0.0735175330298319,LOW,1.0699999,27.965001899999688,51.954999699999945,701.19003118,0.073518,0.0,0.0,0.073518,False,4,MEDIUM,limited flood evidence,"Low flood risk in Gurdaspur, Punjab. Probability: 7.4%."
Uttar Pradesh,Gorakhpur,0.0731743399949644,LOW,1.3799999,65.30999990000045,89.28999989999977,2002.439998466,0.073174,0.0,0.0,0.073174,False,4,MEDIUM,limited flood evidence,"Low flood risk in Gorakhpur, Uttar Pradesh. Probability: 7.3%."
Andhra Pradesh,Kurnool,0.0722158008278109,LOW,0.0,2.7050000000023875,1017.344995000001,2337.66499196,0.072216,0.0,0.0,0.072216,False,4,MEDIUM,limited flood evidence,"Low flood risk in Kurnool, Andhra Pradesh. Probability: 7.2%."
Orissa,Baragarh,0.0703978534437632,LOW,0.005,0.7699999539995452,159.6249994539992,2027.069963952,0.070398,0.0,0.0,0.070398,False,4,MEDIUM,limited flood evidence,"Low flood risk in Baragarh, Orissa. Probability: 7.0%."
Kerala,Thrissur,0.0676011682735724,LOW,185.53499,225.34999000000025,518.57997999,1353.86996069,0.067601,0.0,0.0,0.067601,False,4,MEDIUM,limited flood evidence,"Low flood risk in Thrissur, Kerala. Probability: 6.8%."
Assam,Goalpara,0.0672860653445094,LOW,0.43499997,10.649999949999543,38.34999895000023,2825.36999849,0.067286,0.0,0.0,0.067286,False,4,MEDIUM,limited flood evidence,"Low flood risk in Goalpara, Assam. Probability: 6.7%."
Madhya Pradesh,Jabalpur,0.0645031325252146,LOW,0.0,1.5749999000018189,48.12499990000091,2448.2999849,0.064503,0.0,0.0,0.064503,False,4,MEDIUM,limited flood evidence,"Low flood risk in Jabalpur, Madhya Pradesh. Probability: 6.5%."
Bihar,Purba Champaran,0.0631512214252047,LOW,0.33499998,2.49999997999909,12.664999974000454,1562.195054674,0.063151,0.0,0.0,0.063151,False,4,MEDIUM,limited flood evidence,"Low flood risk in Purba Champaran, Bihar. Probability: 6.3%."
Arunachal Pradesh,Kurung Kumey,0.0629351474317407,LOW,0.23,18.860000980000905,27.41500068000006,1203.51002585,0.062935,0.0,0.0,0.062935,False,4,MEDIUM,limited flood evidence,"Low flood risk in Kurung Kumey, Arunachal Pradesh. Probability: 6.3%."
Andhra Pradesh,Adilabad,0.0614385178471299,LOW,0.099999994,37.549996994001816,777.6099969940027,15251.079785838,0.061439,0.0,0.0,0.061439,False,4,MEDIUM,limited flood evidence,"Low flood risk in Adilabad, Andhra Pradesh. Probability: 6.1%."
Tamil Nadu,Karur,0.0593709463522291,LOW,0.099999994,2.824999792000228,81.22999434200001,2936.139961142,0.059371,0.0,0.0,0.059371,False,4,MEDIUM,limited flood evidence,"Low flood risk in Karur, Tamil Nadu. Probability: 5.9%."
Maharashtra,Ahmednagar,0.0589567221381012,LOW,861.06,2636.7000000000007,3532.804990000002,22325.454775,0.058957,0.0,0.0,0.058957,False,4,MEDIUM,limited flood evidence,"Low flood risk in Ahmednagar, Maharashtra. Probability: 5.9%."
Uttar Pradesh,Allahabad,0.0582216843559456,LOW,1.8999999,6.969999599999516,23.52499820000006,235.57998355,0.058222,0.0,0.0,0.058222,False,4,MEDIUM,limited flood evidence,"Low flood risk in Allahabad, Uttar Pradesh. Probability: 5.8%."
Assam,Nagaon,0.056730858344063,LOW,0.01,4.5,10.129999990000456,1308.1299660900002,0.056731,0.0,0.0,0.056731,False,4,MEDIUM,limited flood evidence,"Low flood risk in Nagaon, Assam. Probability: 5.7%."
Arunachal Pradesh,Upper Siang,0.0542556276572071,LOW,22.154999,167.9949970000001,183.8749956000005,1186.3949654,0.054256,0.0,0.0,0.054256,False,4,MEDIUM,limited flood evidence,"Low flood risk in Upper Siang, Arunachal Pradesh. Probability: 5.4%."
Chhattisgarh,Dantewada,0.0526711197180711,LOW,764.395,2742.234899999999,3931.069900000002,25903.269055000004,0.052671,0.0,0.0,0.052671,False,4,MEDIUM,limited flood evidence,"Low flood risk in Dantewada, Chhattisgarh. Probability: 5.3%."
Gujarat,Surat,0.0514519034907406,LOW,69.815,720.5449900000004,949.234979999999,21184.54964796,0.051452,0.0,0.0,0.051452,False,4,MEDIUM,limited flood evidence,"Low flood risk in Surat, Gujarat. Probability: 5.1%."
Rajasthan,Hanumangarh,0.0505873534619396,LOW,17.58,33.199999900000904,71.36999988999955,5664.85472547,0.050587,0.0,0.0,0.050587,False,4,MEDIUM,limited flood evidence,"Low flood risk in Hanumangarh, Rajasthan. Probability: 5.1%."
Rajasthan,Alwar,0.0504415227856444,LOW,2.32,5.994999699999431,14.939998999999544,282.7649973,0.050442,0.0,0.0,0.050442,False,4,MEDIUM,limited flood evidence,"Low flood risk in Alwar, Rajasthan. Probability: 5.0%."
Madhya Pradesh,Shajapur,0.0477775802481443,LOW,0.155,1.1949999600009094,22.644998959999885,2085.86997876,0.047778,0.0,0.0,0.047778,False,4,MEDIUM,limited flood evidence,"Low flood risk in Shajapur, Madhya Pradesh. Probability: 4.8%."
Karnataka,Mysore,0.0463770255728265,LOW,61.46,86.97499970000023,1251.2849954,1677.5949734,0.046377,0.0,0.0,0.046377,False,4,MEDIUM,limited flood evidence,"Low flood risk in Mysore, Karnataka. Probability: 4.6%."
Himachal Pradesh,Solan,0.0456586797022305,LOW,9.434999,9.434998999999545,9.919998999999544,174.32500387000002,0.045659,0.0,0.0,0.045659,False,4,MEDIUM,limited flood evidence,"Low flood risk in Solan, Himachal Pradesh. Probability: 4.6%."
Uttar Pradesh,Etawah,0.0456327480826565,LOW,0.72499996,36.42999996,57.23499796000012,2197.174963436,0.045633,0.0,0.0,0.045633,False,4,MEDIUM,limited flood evidence,"Low flood risk in Etawah, Uttar Pradesh. Probability: 4.6%."
Jharkhand,Bokaro,0.0428948208234821,LOW,114.42999,183.80999,194.4999891,1287.3949376100002,0.042895,0.0,0.0,0.042895,False,4,MEDIUM,limited flood evidence,"Low flood risk in Bokaro, Jharkhand. Probability: 4.3%."
Andaman and Nicobar,Andaman Islands,0.0428514363506508,LOW,47.120003,65.33000195999983,379.9099818600001,1375.04996862,0.042851,0.0,0.0,0.042851,False,4,MEDIUM,limited flood evidence,"Low flood risk in Andaman Islands, Andaman and Nicobar. Probability: 4.3%."
Uttar Pradesh,Saharanpur,0.0424792808422736,LOW,2.455,72.79499699999978,79.34999630000003,370.3599909,0.042479,0.0,0.0,0.042479,False,4,MEDIUM,limited flood evidence,"Low flood risk in Saharanpur, Uttar Pradesh. Probability: 4.2%."
Himachal Pradesh,Kullu,0.0423180623028349,LOW,3.4649997,61.11999869999977,108.61999766,1034.5799558600002,0.042318,0.0,0.0,0.042318,False,4,MEDIUM,limited flood evidence,"Low flood risk in Kullu, Himachal Pradesh. Probability: 4.2%."
Bihar,Gopalganj,0.0421482496722365,LOW,2.5349998,52.8099996,93.84999955,2501.09994784,0.042148,0.0,0.0,0.042148,False,4,MEDIUM,limited flood evidence,"Low flood risk in Gopalganj, Bihar. Probability: 4.2%."
Maharashtra,Jalgaon,0.0413843247009402,LOW,785.44495,2025.9249099999995,2556.724914000001,30125.389657,0.041384,0.0,0.0,0.041384,False,4,MEDIUM,limited flood evidence,"Low flood risk in Jalgaon, Maharashtra. Probability: 4.1%."
Daman and Diu,Junagadh,0.0412237741349404,LOW,112.7,225.59999,230.65998970000007,1079.75997369,0.041224,0.0,0.0,0.041224,False,4,MEDIUM,limited flood evidence,"Low flood risk in Junagadh, Daman and Diu. Probability: 4.1%."
Uttar Pradesh,Ghaziabad,0.0401691783511417,LOW,3.3449998,25.74999979999977,50.02499879999954,3176.55995773,0.040169,0.0,0.0,0.040169,False,4,MEDIUM,limited flood evidence,"Low flood risk in Ghaziabad, Uttar Pradesh. Probability: 4.0%."
Goa,South Goa,0.0398741026807157,LOW,2.9849997,29.279999199999985,78.33999908999999,2205.754990756,0.039874,0.0,0.0,0.039874,False,4,MEDIUM,limited flood evidence,"Low flood risk in South Goa, Goa. Probability: 4.0%."
Bihar,Katihar,0.0386518539713594,LOW,23.039997,99.61500400000008,125.09500410000008,1021.5899872,0.038652,0.0,0.0,0.038652,False,4,MEDIUM,limited flood evidence,"Low flood risk in Katihar, Bihar. Probability: 3.9%."
Haryana,Panchkula,0.0366303933325979,LOW,0.029999997,53.65999189700009,63.52499279699981,682.155012083,0.03663,0.0,0.0,0.03663,False,4,MEDIUM,limited flood evidence,"Low flood risk in Panchkula, Haryana. Probability: 3.7%."
Uttaranchal,Bageshwar,0.0360335442704064,LOW,20.425,233.70499499999983,286.5149951,1393.7849941,0.036034,0.0,0.0,0.036034,False,4,MEDIUM,limited flood evidence,"Low flood risk in Bageshwar, Uttaranchal. Probability: 3.6%."
Jharkhand,Ranchi,0.0348664190555467,LOW,3.8899999,8.284999899998692,32.25499838000091,574.7249972,0.034866,0.0,0.0,0.034866,False,4,MEDIUM,limited flood evidence,"Low flood risk in Ranchi, Jharkhand. Probability: 3.5%."
Uttar Pradesh,Faizabad,0.0347040256815692,LOW,1.1349999,15.050000799999488,39.399999800000224,1964.264973048,0.034704,0.0,0.0,0.034704,False,4,MEDIUM,limited flood evidence,"Low flood risk in Faizabad, Uttar Pradesh. Probability: 3.5%."
Jharkhand,Gumla,0.0343413455534069,LOW,3.52,3.539999999998188,61.06999999999909,871.23001402,0.034341,0.0,0.0,0.034341,False,4,MEDIUM,limited flood evidence,"Low flood risk in Gumla, Jharkhand. Probability: 3.4%."
Kerala,Idukki,0.0336574619243831,LOW,0.14,0.1399999999996589,111.1399920000001,226.9799914,0.033657,0.0,0.0,0.033657,False,4,MEDIUM,limited flood evidence,"Low flood risk in Idukki, Kerala. Probability: 3.4%."
Kerala,Malappuram,0.0335455918095365,LOW,0.285,4.794999759999772,59.35499656,1938.78984656,0.033546,0.0,0.0,0.033546,False,4,MEDIUM,limited flood evidence,"Low flood risk in Malappuram, Kerala. Probability: 3.4%."
Uttaranchal,Uttarkashi,0.0321661931616187,LOW,1.1,1.3449999900000564,7.854999779999147,1265.799960634,0.032166,0.0,0.0,0.032166,False,4,MEDIUM,limited flood evidence,"Low flood risk in Uttarkashi, Uttaranchal. Probability: 3.2%."
Kerala,Ernakulam,0.030258004900187,LOW,0.0,0.0,114.43499399999988,178.524991,0.030258,0.0,0.0,0.030258,False,4,MEDIUM,limited flood evidence,"Low flood risk in Ernakulam, Kerala. Probability: 3.0%."
Bihar,Kishanganj,0.0300724767514938,LOW,0.095000006,33.929998005999764,47.88999800600023,1731.069986761,0.030072,0.0,0.0,0.030072,False,4,MEDIUM,limited flood evidence,"Low flood risk in Kishanganj, Bihar. Probability: 3.0%."
West Bengal,Kochbihar,0.0295971575068966,LOW,0.0,0.2700000000004547,9.859999999999545,1839.67495558,0.029597,0.0,0.0,0.029597,False,4,MEDIUM,limited flood evidence,"Low flood risk in Kochbihar, West Bengal. Probability: 3.0%."
Karnataka,Kolar,0.0289875669630978,LOW,0.0,0.0,347.9949996000005,835.0700095500001,0.028988,0.0,0.0,0.028988,False,4,MEDIUM,limited flood evidence,"Low flood risk in Kolar, Karnataka. Probability: 2.9%."
Karnataka,Tumkur,0.0287121979886276,LOW,1.3649999,9.20999989999909,671.0549799,1546.059936176,0.028712,0.0,0.0,0.028712,False,4,MEDIUM,limited flood evidence,"Low flood risk in Tumkur, Karnataka. Probability: 2.9%."
Tamil Nadu,Madurai,0.0282571680134598,LOW,0.0,0.0,106.415,186.014998,0.028257,0.0,0.0,0.028257,False,4,MEDIUM,limited flood evidence,"Low flood risk in Madurai, Tamil Nadu. Probability: 2.8%."
Assam,Sibsagar,0.0279117657668939,LOW,26.42,40.41000000000012,42.96999993,816.434985366,0.027912,0.0,0.0,0.027912,False,4,MEDIUM,limited flood evidence,"Low flood risk in Sibsagar, Assam. Probability: 2.8%."
Rajasthan,Sikar,0.0276739336403409,LOW,1.5449998,4.254999850000909,13.90499971,269.67000878000005,0.027674,0.0,0.0,0.027674,False,4,MEDIUM,limited flood evidence,"Low flood risk in Sikar, Rajasthan. Probability: 2.8%."
Maharashtra,Amravati,0.0275040115893919,LOW,60.079998,600.8199880000019,1060.579971,23145.734805,0.027504,0.0,0.0,0.027504,False,4,MEDIUM,limited flood evidence,"Low flood risk in Amravati, Maharashtra. Probability: 2.8%."
Orissa,Rayagada,0.0271764949904048,LOW,4.345,7.39999999999909,168.06000500000093,489.44000051,0.027176,0.0,0.0,0.027176,False,4,MEDIUM,limited flood evidence,"Low flood risk in Rayagada, Orissa. Probability: 2.7%."
Karnataka,Chikmagalur,0.0265386756068933,LOW,0.0,54.669996999999626,273.4849870000001,669.22997936,0.026539,0.0,0.0,0.026539,False,4,MEDIUM,limited flood evidence,"Low flood risk in Chikmagalur, Karnataka. Probability: 2.7%."
Karnataka,Bagalkot,0.0264624886852166,LOW,60.179996,91.0949969999998,342.61499699,791.1699892099999,0.026462,0.0,0.0,0.026462,False,4,MEDIUM,limited flood evidence,"Low flood risk in Bagalkot, Karnataka. Probability: 2.6%."
Tamil Nadu,Nagapattinam,0.0262573276065555,LOW,109.98499,142.7749899999999,184.9999862,1167.899922229,0.026257,0.0,0.0,0.026257,False,4,MEDIUM,limited flood evidence,"Low flood risk in Nagapattinam, Tamil Nadu. Probability: 2.6%."
Tamil Nadu,Villupuram,0.0259004718419725,LOW,49.609997,74.21499710000069,1247.9049851,1623.8749725,0.0259,0.0,0.0,0.0259,False,4,MEDIUM,limited flood evidence,"Low flood risk in Villupuram, Tamil Nadu. Probability: 2.6%."
Chhattisgarh,Koriya,0.0257205721693175,LOW,3.6849997,7.1599997,20.89499971,384.079998099,0.025721,0.0,0.0,0.025721,False,4,MEDIUM,limited flood evidence,"Low flood risk in Koriya, Chhattisgarh. Probability: 2.6%."
Madhya Pradesh,West Nimar,0.0241626322905017,LOW,3.36,7.149999959999772,102.20000385999975,791.26499264,0.024163,0.0,0.0,0.024163,False,4,MEDIUM,limited flood evidence,"Low flood risk in West Nimar, Madhya Pradesh. Probability: 2.4%."
Jharkhand,Saraikela Kharsawan,0.0240491164304341,LOW,0.0,0.5049999999995382,42.11000000000051,1463.73996146,0.024049,0.0,0.0,0.024049,False,4,MEDIUM,limited flood evidence,"Low flood risk in Saraikela Kharsawan, Jharkhand. Probability: 2.4%."
Uttar Pradesh,Bara Banki,0.0238639677515401,LOW,0.005,1.3799999999990906,1.3799999999995454,590.6249989969999,0.023864,0.0,0.0,0.023864,False,4,MEDIUM,limited flood evidence,"Low flood risk in Bara Banki, Uttar Pradesh. Probability: 2.4%."
Bihar,Rohtas,0.0231857585207509,LOW,0.01,0.0250000000015916,7.469998987999772,1287.35496558,0.023186,0.0,0.0,0.023186,False,4,MEDIUM,limited flood evidence,"Low flood risk in Rohtas, Bihar. Probability: 2.3%."
Himachal Pradesh,Kangra,0.0231067399593458,LOW,6.8349996,51.71499959999989,67.11999829999999,823.6399786,0.023107,0.0,0.0,0.023107,False,4,MEDIUM,limited flood evidence,"Low flood risk in Kangra, Himachal Pradesh. Probability: 2.3%."
Kerala,Thiruvananthapuram,0.0225167525318526,LOW,22.744999,50.514999,52.384999000000114,1148.45997073,0.022517,0.0,0.0,0.022517,False,4,MEDIUM,limited flood evidence,"Low flood risk in Thiruvananthapuram, Kerala. Probability: 2.3%."
Punjab,Rupnagar,0.0223028673800127,LOW,0.32,0.4199999939996589,11.780000293999889,719.959990062,0.022303,0.0,0.0,0.022303,False,4,MEDIUM,limited flood evidence,"Low flood risk in Rupnagar, Punjab. Probability: 2.2%."
Gujarat,Patan,0.0221286985539186,LOW,0.0,0.3150000000010232,40.83499999999909,1700.0749822,0.022129,0.0,0.0,0.022129,False,4,MEDIUM,limited flood evidence,"Low flood risk in Patan, Gujarat. Probability: 2.2%."
Himachal Pradesh,Kinnaur,0.0202781868380862,LOW,1.1399999,3.7749998999997727,4.584999896999772,139.624999161,0.020278,0.0,0.0,0.020278,False,4,MEDIUM,limited flood evidence,"Low flood risk in Kinnaur, Himachal Pradesh. Probability: 2.0%."
Madhya Pradesh,Barwani,0.0198669413026883,LOW,1.37,4.264999870000455,106.22499976999994,1341.74499455,0.019867,0.0,0.0,0.019867,False,4,MEDIUM,limited flood evidence,"Low flood risk in Barwani, Madhya Pradesh. Probability: 2.0%."
Rajasthan,Dungarpur,0.0193573900872027,LOW,0.0,0.0049999999995452,14.859999999999888,588.0700117,0.019357,0.0,0.0,0.019357,False,4,MEDIUM,limited flood evidence,"Low flood risk in Dungarpur, Rajasthan. Probability: 1.9%."
Kerala,Kasaragod,0.0193315183480516,LOW,50.155,81.1399979999999,275.1749962,662.06999191,0.019332,0.0,0.0,0.019332,False,4,MEDIUM,limited flood evidence,"Low flood risk in Kasaragod, Kerala. Probability: 1.9%."
West Bengal,Bankura,0.0189323026237794,LOW,2.945,5.509999700000028,20.89499936000045,349.32498099,0.018932,0.0,0.0,0.018932,False,4,MEDIUM,limited flood evidence,"Low flood risk in Bankura, West Bengal. Probability: 1.9%."
Gujarat,Kachchh,0.0179867111769758,LOW,448.275,5402.3349,6308.74489,48570.35948,0.017987,0.0,0.0,0.017987,False,4,MEDIUM,limited flood evidence,"Low flood risk in Kachchh, Gujarat. Probability: 1.8%."
Haryana,Rohtak,0.0167976029143162,LOW,1.22,5.975000000000227,13.340000000000227,1965.85498957,0.016798,0.0,0.0,0.016798,False,4,MEDIUM,limited flood evidence,"Low flood risk in Rohtak, Haryana. Probability: 1.7%."
Uttar Pradesh,Agra,0.0166497207403992,LOW,0.205,3.5999999999995453,3.974999970000455,861.84500327,0.01665,0.0,0.0,0.01665,False,4,MEDIUM,limited flood evidence,"Low flood risk in Agra, Uttar Pradesh. Probability: 1.7%."
Manipur,Tamenglong,0.0162157525099127,LOW,3.4449992,53.15000120000034,58.50500077000001,546.7499774,0.016216,0.0,0.0,0.016216,False,4,MEDIUM,limited flood evidence,"Low flood risk in Tamenglong, Manipur. Probability: 1.6%."
Uttaranchal,Pauri Garhwal,0.0160964978979056,LOW,5.8749995,209.25000549999973,232.6400058000002,648.5700132,0.016096,0.0,0.0,0.016096,False,4,MEDIUM,limited flood evidence,"Low flood risk in Pauri Garhwal, Uttaranchal. Probability: 1.6%."
Madhya Pradesh,Anuppur,0.0160592669408897,LOW,0.0,0.0,32.09999999999972,601.8450038999999,0.016059,0.0,0.0,0.016059,False,4,MEDIUM,limited flood evidence,"Low flood risk in Anuppur, Madhya Pradesh. Probability: 1.6%."
Orissa,Gajapati,0.0157095504512291,LOW,0.0,3.914999999999688,200.58998998000004,828.8249882519999,0.01571,0.0,0.0,0.01571,False,4,MEDIUM,limited flood evidence,"Low flood risk in Gajapati, Orissa. Probability: 1.6%."
Punjab,Muktsar,0.0156440812321087,LOW,17.065,236.88001000000017,271.90501040000026,1270.1549857,0.015644,0.0,0.0,0.015644,False,4,MEDIUM,limited flood evidence,"Low flood risk in Muktsar, Punjab. Probability: 1.6%."
Karnataka,Kodagu,0.0149935914456422,LOW,64.9,118.76999660000013,726.7099560999999,1147.1649481999998,0.014994,0.0,0.0,0.014994,False,4,MEDIUM,limited flood evidence,"Low flood risk in Kodagu, Karnataka. Probability: 1.5%."
Mizoram,Lunglei,0.014574827037461,LOW,6.3250003,14.32499999999995,40.0200007,375.69501016,0.014575,0.0,0.0,0.014575,False,4,MEDIUM,limited flood evidence,"Low flood risk in Lunglei, Mizoram. Probability: 1.5%."
West Bengal,Puruliya,0.0142545180265691,LOW,0.75,4.759999600000143,24.96999958999997,265.98499834,0.014255,0.0,0.0,0.014255,False,4,MEDIUM,limited flood evidence,"Low flood risk in Puruliya, West Bengal. Probability: 1.4%."
Andhra Pradesh,Prakasam,0.0141845879274853,LOW,0.0,2.15,1005.50494,1438.319922756,0.014185,0.0,0.0,0.014185,False,4,MEDIUM,limited flood evidence,"Low flood risk in Prakasam, Andhra Pradesh. Probability: 1.4%."
Uttar Pradesh,Mirzapur,0.0132496012853652,LOW,0.0,0.005,9.36999999999818,698.75999073,0.01325,0.0,0.0,0.01325,False,4,MEDIUM,limited flood evidence,"Low flood risk in Mirzapur, Uttar Pradesh. Probability: 1.3%."
Bihar,Sitamarhi,0.0126789782144076,LOW,0.0,2.5199998400004544,5.225000030000199,570.235002516,0.012679,0.0,0.0,0.012679,False,4,MEDIUM,limited flood evidence,"Low flood risk in Sitamarhi, Bihar. Probability: 1.3%."
Punjab,Jalandhar,0.0124059505227777,LOW,21.88,23.14000000000001,23.13999999999909,168.19501024,0.012406,0.0,0.0,0.012406,False,4,MEDIUM,limited flood evidence,"Low flood risk in Jalandhar, Punjab. Probability: 1.2%."
Rajasthan,Bundi,0.012317665878289,LOW,0.03,0.1950000000022737,2.39,976.349973942,0.012318,0.0,0.0,0.012318,False,4,MEDIUM,limited flood evidence,"Low flood risk in Bundi, Rajasthan. Probability: 1.2%."
Mizoram,Kolasib,0.0121340171753848,LOW,0.0,0.0050000000002273,5.560000300000227,572.859999186,0.012134,0.0,0.0,0.012134,False,4,MEDIUM,limited flood evidence,"Low flood risk in Kolasib, Mizoram. Probability: 1.2%."
Punjab,Bathinda,0.0121060584379684,LOW,7.3849998,163.5349728,182.2549722,498.1899607,0.012106,0.0,0.0,0.012106,False,4,MEDIUM,limited flood evidence,"Low flood risk in Bathinda, Punjab. Probability: 1.2%."
Manipur,Churachandpur,0.0120055196847518,LOW,0.0,0.0,24.94,702.1149954959999,0.012006,0.0,0.0,0.012006,False,4,MEDIUM,limited flood evidence,"Low flood risk in Churachandpur, Manipur. Probability: 1.2%."
Karnataka,Udupi,0.0115359101388392,LOW,0.0,0.7450000000000142,134.0299899999997,529.76998078,0.011536,0.0,0.0,0.011536,False,4,MEDIUM,limited flood evidence,"Low flood risk in Udupi, Karnataka. Probability: 1.2%."
Karnataka,Koppal,0.0105328396591118,LOW,0.0,0.5349999699999431,288.45499997,646.25500357,0.010533,0.0,0.0,0.010533,False,4,MEDIUM,limited flood evidence,"Low flood risk in Koppal, Karnataka. Probability: 1.1%."
Madhya Pradesh,Bhopal,0.0101228717413238,LOW,0.0,0.074999996,15.169998896,1063.775012896,0.010123,0.0,0.0,0.010123,False,4,MEDIUM,limited flood evidence,"Low flood risk in Bhopal, Madhya Pradesh. Probability: 1.0%."
Tamil Nadu,Sivaganga,0.009344989813879,LOW,0.84999996,3.219999960000057,99.29999690000024,204.06999272,0.009345,0.0,0.0,0.009345,False,4,MEDIUM,limited flood evidence,"Low flood risk in Sivaganga, Tamil Nadu. Probability: 0.9%."
Uttar Pradesh,Chitrakoot,0.0091227502425719,LOW,0.0,0.0,7.3699996960000576,130.844997776,0.009123,0.0,0.0,0.009123,False,4,MEDIUM,limited flood evidence,"Low flood risk in Chitrakoot, Uttar Pradesh. Probability: 0.9%."
Orissa,Bhadrak,0.0087262778896293,LOW,0.0,0.0,27.635,290.149975,0.008726,0.0,0.0,0.008726,False,4,MEDIUM,limited flood evidence,"Low flood risk in Bhadrak, Orissa. Probability: 0.9%."
Manipur,Chandel,0.0085530978397987,LOW,0.0,0.0,7.514999399999203,744.704990998,0.008553,0.0,0.0,0.008553,False,4,MEDIUM,limited flood evidence,"Low flood risk in Chandel, Manipur. Probability: 0.9%."
Tamil Nadu,Thiruvallur,0.0082364156170276,LOW,0.0,1.8349999999999431,109.135,148.94500001,0.008236,0.0,0.0,0.008236,False,4,MEDIUM,limited flood evidence,"Low flood risk in Thiruvallur, Tamil Nadu. Probability: 0.8%."
West Bengal,Hugli,0.0079286654634884,LOW,0.90499973,1.3949997299988597,28.955001589000023,445.76997256300007,0.007929,0.0,0.0,0.007929,False,4,MEDIUM,limited flood evidence,"Low flood risk in Hugli, West Bengal. Probability: 0.8%."
Uttar Pradesh,Hardoi,0.0078870043088032,LOW,0.0,1.085000000000469,2.7299999899998864,150.414994532,0.007887,0.0,0.0,0.007887,False,4,MEDIUM,limited flood evidence,"Low flood risk in Hardoi, Uttar Pradesh. Probability: 0.8%."
Jharkhand,Godda,0.0076162206905668,LOW,0.0,0.0,4.825,131.60999686,0.007616,0.0,0.0,0.007616,False,4,MEDIUM,limited flood evidence,"Low flood risk in Godda, Jharkhand. Probability: 0.8%."
Tamil Nadu,Cuddalore,0.0074993684780151,LOW,0.0,0.0,380.51498,385.40997992,0.007499,0.0,0.0,0.007499,False,4,MEDIUM,limited flood evidence,"Low flood risk in Cuddalore, Tamil Nadu. Probability: 0.7%."
Assam,Hailakandi,0.0072510521512409,LOW,0.0,0.0,3.289999999999986,132.78499878,0.007251,0.0,0.0,0.007251,False,4,MEDIUM,limited flood evidence,"Low flood risk in Hailakandi, Assam. Probability: 0.7%."
Haryana,Mahendragarh,0.0069658757352802,LOW,7.0500007,26.15500069999989,28.360000679999985,353.41497885,0.006966,0.0,0.0,0.006966,False,4,MEDIUM,limited flood evidence,"Low flood risk in Mahendragarh, Haryana. Probability: 0.7%."
Kerala,Kollam,0.0066982684028519,LOW,1.995,2.2049999999995595,10.474999729999093,1749.4949606290002,0.006698,0.0,0.0,0.006698,False,4,MEDIUM,limited flood evidence,"Low flood risk in Kollam, Kerala. Probability: 0.7%."
Bihar,Banka,0.0066385498932613,LOW,0.0,0.0,7.445000000000228,171.44999948,0.006639,0.0,0.0,0.006639,False,4,MEDIUM,limited flood evidence,"Low flood risk in Banka, Bihar. Probability: 0.7%."
Punjab,Amritsar,0.0066041535944715,LOW,0.0,0.239999999999531,0.3999999999995595,135.9899994,0.006604,0.0,0.0,0.006604,False,4,MEDIUM,limited flood evidence,"Low flood risk in Amritsar, Punjab. Probability: 0.7%."
Uttar Pradesh,Gonda,0.0066041535944715,LOW,0.0,0.0,0.08499999,114.54499705,0.006604,0.0,0.0,0.006604,False,4,MEDIUM,limited flood evidence,"Low flood risk in Gonda, Uttar Pradesh. Probability: 0.7%."
Uttar Pradesh,Etah,0.0066026289043279,LOW,0.8600001,2.1399999999998864,7.844999930000185,130.81499679,0.006603,0.0,0.0,0.006603,False,4,MEDIUM,limited flood evidence,"Low flood risk in Etah, Uttar Pradesh. Probability: 0.7%."
Karnataka,Bidar,0.0062487996422137,LOW,0.0,0.42500002,127.87000398,168.390003466,0.006249,0.0,0.0,0.006249,False,4,MEDIUM,limited flood evidence,"Low flood risk in Bidar, Karnataka. Probability: 0.6%."
Madhya Pradesh,Umaria,0.0057156041822356,LOW,3.32,4.985000000000227,15.084999860000114,141.774995192,0.005716,0.0,0.0,0.005716,False,4,MEDIUM,limited flood evidence,"Low flood risk in Umaria, Madhya Pradesh. Probability: 0.6%."
Karnataka,Raichur,0.0056269658909723,LOW,24.165,32.5649999999992,465.2149998999997,691.1749931400001,0.005627,0.0,0.0,0.005627,False,4,MEDIUM,limited flood evidence,"Low flood risk in Raichur, Karnataka. Probability: 0.6%."
Bihar,Jamui,0.0053962448722889,LOW,0.0,0.0,8.48499999999909,372.79998776,0.005396,0.0,0.0,0.005396,False,4,MEDIUM,limited flood evidence,"Low flood risk in Jamui, Bihar. Probability: 0.5%."
Karnataka,Chamrajnagar,0.0052411803692886,LOW,2.27,2.640000000000114,911.025,1089.339998931,0.005241,0.0,0.0,0.005241,False,4,MEDIUM,limited flood evidence,"Low flood risk in Chamrajnagar, Karnataka. Probability: 0.5%."
Nagaland,Tuensang,0.0048719396829566,LOW,0.0,0.29500000000108,0.4849999899999999,811.6400109479999,0.004872,0.0,0.0,0.004872,False,4,MEDIUM,limited flood evidence,"Low flood risk in Tuensang, Nagaland. Probability: 0.5%."
Assam,Golaghat,0.0048281501240716,LOW,1.5349998,4.63999969999929,11.4399992,249.09497542000005,0.004828,0.0,0.0,0.004828,False,4,MEDIUM,limited flood evidence,"Low flood risk in Golaghat, Assam. Probability: 0.5%."
Bihar,Nawada,0.0048018904970502,LOW,0.0,0.0,8.740000000000455,220.34499964,0.004802,0.0,0.0,0.004802,False,4,MEDIUM,limited flood evidence,"Low flood risk in Nawada, Bihar. Probability: 0.5%."
Nagaland,Zunheboto,0.0046614133671671,LOW,0.0,0.5399999600002273,0.5399999599999431,669.5100008520001,0.004661,0.0,0.0,0.004661,False,4,MEDIUM,limited flood evidence,"Low flood risk in Zunheboto, Nagaland. Probability: 0.5%."
Assam,Jorhat,0.0045843023255813,LOW,0.044999998,2.3849999979997736,5.225000118000113,26.914999199,0.004584,0.0,0.0,0.004584,False,4,MEDIUM,limited flood evidence,"Low flood risk in Jorhat, Assam. Probability: 0.5%."
Kerala,Wayanad,0.0045406654193409,LOW,0.0,0.0,184.4099894940001,190.764989474,0.004541,0.0,0.0,0.004541,False,4,MEDIUM,limited flood evidence,"Low flood risk in Wayanad, Kerala. Probability: 0.5%."
Jharkhand,Pakur,0.0044889375783904,LOW,0.0,0.0300000000004263,5.005000400000455,546.4149983,0.004489,0.0,0.0,0.004489,False,4,MEDIUM,limited flood evidence,"Low flood risk in Pakur, Jharkhand. Probability: 0.4%."
Bihar,Bhabua,0.0038605763989335,LOW,0.0,0.0149999999995736,3.384999789999858,514.59499448,0.003861,0.0,0.0,0.003861,False,4,MEDIUM,limited flood evidence,"Low flood risk in Bhabua, Bihar. Probability: 0.4%."
Andhra Pradesh,Medak,0.003757725368636,LOW,0.645,8.954999899999999,264.6049998599996,341.359998958,0.003758,0.0,0.0,0.003758,False,4,MEDIUM,limited flood evidence,"Low flood risk in Medak, Andhra Pradesh. Probability: 0.4%."
West Bengal,Jalpaiguri,0.0035335342025192,LOW,0.0,0.0,0.7249999600004547,157.59000165999998,0.003534,0.0,0.0,0.003534,False,4,MEDIUM,limited flood evidence,"Low flood risk in Jalpaiguri, West Bengal. Probability: 0.4%."
Bihar,Aurangabad,0.0034123763679709,LOW,0.0,0.7049999999990905,6.224999499999773,1068.4999905,0.003412,0.0,0.0,0.003412,False,4,MEDIUM,limited flood evidence,"Low flood risk in Aurangabad, Bihar. Probability: 0.3%."
Karnataka,Bangalore Urban,0.0030600033098426,LOW,0.48,0.5450000000000847,4.049999999999829,898.34499834,0.00306,0.0,0.0,0.00306,False,4,MEDIUM,limited flood evidence,"Low flood risk in Bangalore Urban, Karnataka. Probability: 0.3%."
Maharashtra,Sindhudurg,0.0030298460545226,LOW,0.0,0.3099999999999716,304.00499999999954,359.79999972199994,0.00303,0.0,0.0,0.00303,False,4,MEDIUM,limited flood evidence,"Low flood risk in Sindhudurg, Maharashtra. Probability: 0.3%."
Karnataka,Shimoga,0.0026051784441494,LOW,0.26,0.26,805.65996,859.2849584500001,0.002605,0.0,0.0,0.002605,False,4,MEDIUM,limited flood evidence,"Low flood risk in Shimoga, Karnataka. Probability: 0.3%."
Tamil Nadu,Salem,0.0026027047274139,LOW,0.0,0.0,492.69497,500.62996978,0.002603,0.0,0.0,0.002603,False,4,MEDIUM,limited flood evidence,"Low flood risk in Salem, Tamil Nadu. Probability: 0.3%."
Rajasthan,Jhunjhunun,0.0023257447006678,LOW,5.755001,17.3350008,26.19500080000091,341.3749888,0.002326,0.0,0.0,0.002326,False,4,MEDIUM,limited flood evidence,"Low flood risk in Jhunjhunun, Rajasthan. Probability: 0.2%."
Himachal Pradesh,Shimla,0.0020020066602259,LOW,1.595,3.01,4.104999899999999,281.65000266,0.002002,0.0,0.0,0.002002,False,4,MEDIUM,limited flood evidence,"Low flood risk in Shimla, Himachal Pradesh. Probability: 0.2%."
Uttar Pradesh,Sitapur,0.001481556858843,LOW,4.6749997,7.05999950000022,18.55499935,176.20999355,0.001482,0.0,0.0,0.001482,False,4,MEDIUM,limited flood evidence,"Low flood risk in Sitapur, Uttar Pradesh. Probability: 0.1%."
Jammu and Kashmir,Doda,0.0014490918995708,LOW,0.78,1.8000000000018188,3.039999987,479.664998657,0.001449,0.0,0.0,0.001449,False,4,MEDIUM,limited flood evidence,"Low flood risk in Doda, Jammu and Kashmir. Probability: 0.1%."
Kerala,Kannur,0.0013031340184601,LOW,0.905,0.905,506.344981,530.2299818,0.001303,0.0,0.0,0.001303,False,4,MEDIUM,limited flood evidence,"Low flood risk in Kannur, Kerala. Probability: 0.1%."
Punjab,Hoshiarpur,0.0012185077186636,LOW,0.91499996,2.1499998300002274,2.664999799999993,104.544999666,0.001219,0.0,0.0,0.001219,False,4,MEDIUM,limited flood evidence,"Low flood risk in Hoshiarpur, Punjab. Probability: 0.1%."
Arunachal Pradesh,Upper Subansiri,0.001166997207735,LOW,0.0,0.2349999599995452,3.38999986,156.844997378,0.001167,0.0,0.0,0.001167,False,4,MEDIUM,limited flood evidence,"Low flood risk in Upper Subansiri, Arunachal Pradesh. Probability: 0.1%."
Gujarat,Banas Kantha,0.0011377069398619,LOW,0.04,6.500000299999088,17.435000000000002,99.10499815699954,0.001138,0.0,0.0,0.001138,False,4,MEDIUM,limited flood evidence,"Low flood risk in Banas Kantha, Gujarat. Probability: 0.1%."
Orissa,Deogarh,0.0010031509445356,LOW,4.1050005,5.860000495999985,23.935000496,52.644999167,0.001003,0.0,0.0,0.001003,False,4,MEDIUM,limited flood evidence,"Low flood risk in Deogarh, Orissa. Probability: 0.1%."
Madhya Pradesh,Vidisha,0.0008840594465516,LOW,1.045,2.9550000000002274,17.30999970000022,120.21999564,0.000884,0.0,0.0,0.000884,False,4,MEDIUM,limited flood evidence,"Low flood risk in Vidisha, Madhya Pradesh. Probability: 0.1%."
Andaman and Nicobar,Nicobar Islands,0.0008521102822466,LOW,0.295,0.3000000000000568,1.375,195.76497946,0.000852,0.0,0.0,0.000852,False,4,MEDIUM,limited flood evidence,"Low flood risk in Nicobar Islands, Andaman and Nicobar. Probability: 0.1%."
Uttar Pradesh,Sant Kabir Nagar,0.0008429183385868,LOW,0.45999998,0.5449999769997727,3.299999876999886,430.099988767,0.000843,0.0,0.0,0.000843,False,4,MEDIUM,limited flood evidence,"Low flood risk in Sant Kabir Nagar, Uttar Pradesh. Probability: 0.1%."
Uttar Pradesh,Banda,0.000791293606733,LOW,1.42,5.064999899999318,21.109997400000456,152.2649915,0.000791,0.0,0.0,0.000791,False,4,MEDIUM,limited flood evidence,"Low flood risk in Banda, Uttar Pradesh. Probability: 0.1%."
West Bengal,Maldah,0.0007800445653651,LOW,4.6099997,13.799998799999548,27.50999709999977,135.5649933,0.00078,0.0,0.0,0.00078,False,4,MEDIUM,limited flood evidence,"Low flood risk in Maldah, West Bengal. Probability: 0.1%."
Uttar Pradesh,Jhansi,0.0007373520460448,LOW,2.2399998,7.654999299999091,22.92499824,181.46499374,0.000737,0.0,0.0,0.000737,False,4,MEDIUM,limited flood evidence,"Low flood risk in Jhansi, Uttar Pradesh. Probability: 0.1%."
Assam,Barpeta,0.0007032483744871,LOW,0.0,0.0,0.005,245.87998889,0.000703,0.0,0.0,0.000703,False,4,MEDIUM,limited flood evidence,"Low flood risk in Barpeta, Assam. Probability: 0.1%."
Orissa,Nabarangpur,0.0006660200062334,LOW,2.79,4.524999940000213,28.47000002,74.83499665999999,0.000666,0.0,0.0,0.000666,False,4,MEDIUM,limited flood evidence,"Low flood risk in Nabarangpur, Orissa. Probability: 0.1%."
Uttar Pradesh,Basti,0.0005900737220968,LOW,0.0,0.0450000000000035,0.0449999999995168,303.32999500000005,0.00059,0.0,0.0,0.00059,False,4,MEDIUM,limited flood evidence,"Low flood risk in Basti, Uttar Pradesh. Probability: 0.1%."
Uttar Pradesh,Maharajganj,0.0005765830958044,LOW,0.895,4.199999999998437,13.80000003,94.84999512,0.000577,0.0,0.0,0.000577,False,4,MEDIUM,limited flood evidence,"Low flood risk in Maharajganj, Uttar Pradesh. Probability: 0.1%."
Arunachal Pradesh,Lower Dibang Valley,0.0005588386163091,LOW,0.7699999,3.539999770000015,13.43999977000045,101.514998595,0.000559,0.0,0.0,0.000559,False,4,MEDIUM,limited flood evidence,"Low flood risk in Lower Dibang Valley, Arunachal Pradesh. Probability: 0.1%."
Assam,Cachar,0.0005336813797357,LOW,0.85499996,5.239999860000464,14.944999229999995,125.67499583,0.000534,0.0,0.0,0.000534,False,4,MEDIUM,limited flood evidence,"Low flood risk in Cachar, Assam. Probability: 0.1%."
Madhya Pradesh,Rajgarh,0.0004999812342611,LOW,1.555,1.94500002,13.54499902,85.254999117,0.0005,0.0,0.0,0.0005,False,4,MEDIUM,limited flood evidence,"Low flood risk in Rajgarh, Madhya Pradesh. Probability: 0.1%."
Uttar Pradesh,Bijnor,0.0004269799283591,LOW,0.31999996,0.4449999540004548,1.2099999540000002,47.749999801,0.000427,0.0,0.0,0.000427,False,4,MEDIUM,limited flood evidence,"Low flood risk in Bijnor, Uttar Pradesh. Probability: 0.0%."
Jammu and Kashmir,Anantnag (Kashmir South),0.0004269799283591,LOW,0.13,0.49499996,4.04499966,129.69500046,0.000427,0.0,0.0,0.000427,False,4,MEDIUM,limited flood evidence,"Low flood risk in Anantnag (Kashmir South), Jammu and Kashmir. Probability: 0.0%."
Haryana,Sirsa,0.0004269799283591,LOW,0.04,1.9299999999995447,2.009999990000004,47.139998778,0.000427,0.0,0.0,0.000427,False,4,MEDIUM,limited flood evidence,"Low flood risk in Sirsa, Haryana. Probability: 0.0%."
Madhya Pradesh,East Nimar,0.0003913801411215,LOW,4.5899997,13.934999099999942,41.75999799999983,116.2199955,0.000391,0.0,0.0,0.000391,False,4,MEDIUM,limited flood evidence,"Low flood risk in East Nimar, Madhya Pradesh. Probability: 0.0%."
Uttaranchal,Almora,0.000385724599469,LOW,1.78,5.399999799999822,8.684999800000227,113.65000023200022,0.000386,0.0,0.0,0.000386,False,4,MEDIUM,limited flood evidence,"Low flood risk in Almora, Uttaranchal. Probability: 0.0%."
Haryana,Hisar,0.0003589115438055,LOW,0.0,0.0,1.2499999999999716,386.10998456,0.000359,0.0,0.0,0.000359,False,4,MEDIUM,limited flood evidence,"Low flood risk in Hisar, Haryana. Probability: 0.0%."
Uttar Pradesh,Meerut,0.0003589115438055,LOW,0.0,0.0250000000002273,0.0249999999997726,379.81999488,0.000359,0.0,0.0,0.000359,False,4,MEDIUM,limited flood evidence,"Low flood risk in Meerut, Uttar Pradesh. Probability: 0.0%."
Jammu and Kashmir,Rajauri,0.0003589115438055,LOW,0.0,0.0,0.255,150.644999824,0.000359,0.0,0.0,0.000359,False,4,MEDIUM,limited flood evidence,"Low flood risk in Rajauri, Jammu and Kashmir. Probability: 0.0%."
Kerala,Alappuzha,0.0003589115438055,LOW,0.0,0.0,0.0349999999997726,260.79998809,0.000359,0.0,0.0,0.000359,False,4,MEDIUM,limited flood evidence,"Low flood risk in Alappuzha, Kerala. Probability: 0.0%."
Bihar,Sheohar,0.0003589115438055,LOW,0.0,0.7499999,5.345000294000228,302.619994934,0.000359,0.0,0.0,0.000359,False,4,MEDIUM,limited flood evidence,"Low flood risk in Sheohar, Bihar. Probability: 0.0%."
Gujarat,Valsad,0.0002828261463093,LOW,1.6250001,9.634998900000014,17.16999883,53.394997308,0.000283,0.0,0.0,0.000283,False,4,MEDIUM,limited flood evidence,"Low flood risk in Valsad, Gujarat. Probability: 0.0%."
Assam,Sonitpur,0.0002828261463093,LOW,2.1449997,8.904999299999092,18.259998689999943,93.13499679,0.000283,0.0,0.0,0.000283,False,4,MEDIUM,limited flood evidence,"Low flood risk in Sonitpur, Assam. Probability: 0.0%."
Madhya Pradesh,Sheopur,0.0002753567064924,LOW,2.1799998,4.5149997,10.824999569999772,89.48499668000001,0.000275,0.0,0.0,0.000275,False,4,MEDIUM,limited flood evidence,"Low flood risk in Sheopur, Madhya Pradesh. Probability: 0.0%."
Assam,Darrang,0.0002753567064924,LOW,1.5499998,4.744999899999289,12.259999797999996,64.524998618,0.000275,0.0,0.0,0.000275,False,4,MEDIUM,limited flood evidence,"Low flood risk in Darrang, Assam. Probability: 0.0%."
Haryana,Kurukshetra,0.0002437354700914,LOW,0.53499997,6.62499936999983,11.854999179999943,73.17499701499999,0.000244,0.0,0.0,0.000244,False,4,MEDIUM,limited flood evidence,"Low flood risk in Kurukshetra, Haryana. Probability: 0.0%."
Puducherry,Karaikal,0.0002361199744735,LOW,0.0,0.0,0.0,119.95500230000002,0.000236,0.0,0.0,0.000236,False,4,MEDIUM,limited flood evidence,"Low flood risk in Karaikal, Puducherry. Probability: 0.0%."
Manipur,East Imphal,0.0002324549904238,LOW,1.9649994,5.659999300000072,13.67999939,41.209999318,0.000232,0.0,0.0,0.000232,False,4,MEDIUM,limited flood evidence,"Low flood risk in East Imphal, Manipur. Probability: 0.0%."
Uttar Pradesh,Balrampur,0.0002324549904238,LOW,3.355,5.724999999999769,15.309999600000229,105.0249975,0.000232,0.0,0.0,0.000232,False,4,MEDIUM,limited flood evidence,"Low flood risk in Balrampur, Uttar Pradesh. Probability: 0.0%."
Uttar Pradesh,Shravasti,0.0002324549904238,LOW,1.7900001,4.3100000000000005,7.019999979999998,21.83499964,0.000232,0.0,0.0,0.000232,False,4,MEDIUM,limited flood evidence,"Low flood risk in Shravasti, Uttar Pradesh. Probability: 0.0%."
Uttar Pradesh,Baghpat,0.000227677948005,LOW,0.054999996,0.0549999959995452,1.1199999960002274,242.509999424,0.000228,0.0,0.0,0.000228,False,4,MEDIUM,limited flood evidence,"Low flood risk in Baghpat, Uttar Pradesh. Probability: 0.0%."
Kerala,Pattanamtitta,0.0001668657797085,LOW,0.005,0.0049999999995452,0.5749999999998294,509.9700001,0.000167,0.0,0.0,0.000167,False,4,MEDIUM,limited flood evidence,"Low flood risk in Pattanamtitta, Kerala. Probability: 0.0%."
Tamil Nadu,Namakkal,0.0001611278952668,LOW,0.0,0.0,16.774999999999807,46.5199993,0.000161,0.0,0.0,0.000161,False,4,MEDIUM,limited flood evidence,"Low flood risk in Namakkal, Tamil Nadu. Probability: 0.0%."
Tamil Nadu,Nilgiris,0.0001611278952668,LOW,0.0,0.0,31.0599997,42.61499956,0.000161,0.0,0.0,0.000161,False,4,MEDIUM,limited flood evidence,"Low flood risk in Nilgiris, Tamil Nadu. Probability: 0.0%."
Tamil Nadu,Ramanathapuram,0.0001611278952668,LOW,0.0,0.0,19.579997997,43.969996997,0.000161,0.0,0.0,0.000161,False,4,MEDIUM,limited flood evidence,"Low flood risk in Ramanathapuram, Tamil Nadu. Probability: 0.0%."
Kerala,Kozhikode,0.0001611278952668,LOW,0.0,0.0,28.785000000000057,50.3549998,0.000161,0.0,0.0,0.000161,False,4,MEDIUM,limited flood evidence,"Low flood risk in Kozhikode, Kerala. Probability: 0.0%."
Puducherry,Mahe,0.0001611278952668,LOW,0.0,0.0,10.384999,11.104999,0.000161,0.0,0.0,0.000161,False,4,MEDIUM,limited flood evidence,"Low flood risk in Mahe, Puducherry. Probability: 0.0%."
Uttar Pradesh,Chandauli,0.0001532696090452,LOW,0.62999994,2.85499979,9.22999919,102.74499754,0.000153,0.0,0.0,0.000153,False,4,MEDIUM,limited flood evidence,"Low flood risk in Chandauli, Uttar Pradesh. Probability: 0.0%."
Uttar Pradesh,Siddharth Nagar,0.0001532696090452,LOW,0.0,0.1549999959994315,0.3549999949990905,76.389999911,0.000153,0.0,0.0,0.000153,False,4,MEDIUM,limited flood evidence,"Low flood risk in Siddharth Nagar, Uttar Pradesh. Probability: 0.0%."
Himachal Pradesh,Mandi,0.0001532696090452,LOW,0.47999996,1.0749999599997726,1.3699999599998862,74.870000277,0.000153,0.0,0.0,0.000153,False,4,MEDIUM,limited flood evidence,"Low flood risk in Mandi, Himachal Pradesh. Probability: 0.0%."
Uttar Pradesh,Mathura,0.0001532696090452,LOW,0.0,0.8999999500002274,3.7249998,67.39000231700001,0.000153,0.0,0.0,0.000153,False,4,MEDIUM,limited flood evidence,"Low flood risk in Mathura, Uttar Pradesh. Probability: 0.0%."
Assam,Karimganj,0.0001532696090452,LOW,0.325,1.7750000599997728,11.390000050000229,97.78999940999978,0.000153,0.0,0.0,0.000153,False,4,MEDIUM,limited flood evidence,"Low flood risk in Karimganj, Assam. Probability: 0.0%."
Uttar Pradesh,Aligarh,6.925499042384951e-05,LOW,1.24,4.484999780000003,10.38499961,79.15499813999999,6.9e-05,0.0,0.0,6.9e-05,False,4,MEDIUM,limited flood evidence,"Low flood risk in Aligarh, Uttar Pradesh. Probability: 0.0%."
Nagaland,Mon,6.925499042384951e-05,LOW,1.3549999,5.784999900000106,12.784999299999969,38.58999863,6.9e-05,0.0,0.0,6.9e-05,False,4,MEDIUM,limited flood evidence,"Low flood risk in Mon, Nagaland. Probability: 0.0%."
Bihar,Patna,6.811563538074004e-05,LOW,0.48499998,5.129999679999998,13.39499918,75.04999790999999,6.8e-05,0.0,0.0,6.8e-05,False,4,MEDIUM,limited flood evidence,"Low flood risk in Patna, Bihar. Probability: 0.0%."
Uttaranchal,Haridwar,6.0646195563910885e-05,LOW,0.035,4.799999899999879,8.9249999,106.94499831,6.1e-05,0.0,0.0,6.1e-05,False,4,MEDIUM,limited flood evidence,"Low flood risk in Haridwar, Uttaranchal. Probability: 0.0%."
Tamil Nadu,Kanniyakumari,5.151051092858137e-05,LOW,1.17,1.169999999999943,1.17,12.82999939,5.2e-05,0.0,0.0,5.2e-05,False,4,MEDIUM,limited flood evidence,"Low flood risk in Kanniyakumari, Tamil Nadu. Probability: 0.0%."
Bihar,Pashchim Champaran,4.290171606864275e-05,LOW,0.0,0.0049999999993178,0.7549999350013002,135.14499890699997,4.3e-05,0.0,0.0,4.3e-05,False,4,MEDIUM,limited flood evidence,"Low flood risk in Pashchim Champaran, Bihar. Probability: 0.0%."
Nagaland,Wokha,4.290171606864275e-05,LOW,0.0,0.0,0.15999998,112.699999279,4.3e-05,0.0,0.0,4.3e-05,False,4,MEDIUM,limited flood evidence,"Low flood risk in Wokha, Nagaland. Probability: 0.0%."
Punjab,Kapurthala,4.290171606864275e-05,LOW,0.0,0.0,0.0,90.055001604,4.3e-05,0.0,0.0,4.3e-05,False,4,MEDIUM,limited flood evidence,"Low flood risk in Kapurthala, Punjab. Probability: 0.0%."
Uttaranchal,Naini Tal,4.290171606864275e-05,LOW,0.0,0.0,0.26500002,25.9299997,4.3e-05,0.0,0.0,4.3e-05,False,4,MEDIUM,limited flood evidence,"Low flood risk in Naini Tal, Uttaranchal. Probability: 0.0%."
Punjab,Mansa,4.290171606864275e-05,LOW,0.19,3.0749997200003447,9.689999319999956,59.71499814,4.3e-05,0.0,0.0,4.3e-05,False,4,MEDIUM,limited flood evidence,"Low flood risk in Mansa, Punjab. Probability: 0.0%."
Haryana,Karnal,4.290171606864275e-05,LOW,0.315,2.0649999399996024,3.349999939999968,52.480000496,4.3e-05,0.0,0.0,4.3e-05,False,4,MEDIUM,limited flood evidence,"Low flood risk in Karnal, Haryana. Probability: 0.0%."
Arunachal Pradesh,East Siang,4.290171606864275e-05,LOW,0.34499997,0.7399999699995452,1.93499997,78.20999671,4.3e-05,0.0,0.0,4.3e-05,False,4,MEDIUM,limited flood evidence,"Low flood risk in East Siang, Arunachal Pradesh. Probability: 0.0%."
Uttar Pradesh,Farrukhabad,4.290171606864275e-05,LOW,0.0,0.0799999999995417,0.3750000199995736,35.599999737,4.3e-05,0.0,0.0,4.3e-05,False,4,MEDIUM,limited flood evidence,"Low flood risk in Farrukhabad, Uttar Pradesh. Probability: 0.0%."
Haryana,Kaithal,4.290171606864275e-05,LOW,0.45999995,3.389999739999545,6.0599999,73.969997465,4.3e-05,0.0,0.0,4.3e-05,False,4,MEDIUM,limited flood evidence,"Low flood risk in Kaithal, Haryana. Probability: 0.0%."
Uttar Pradesh,Kannauj,4.290171606864275e-05,LOW,0.0,0.0,0.0,120.01999823,4.3e-05,0.0,0.0,4.3e-05,False,4,MEDIUM,limited flood evidence,"Low flood risk in Kannauj, Uttar Pradesh. Probability: 0.0%."
West Bengal,Kolkata,4.290171606864275e-05,LOW,0.0,0.0,0.185,101.3300072,4.3e-05,0.0,0.0,4.3e-05,False,4,MEDIUM,limited flood evidence,"Low flood risk in Kolkata, West Bengal. Probability: 0.0%."
Uttar Pradesh,Mainpuri,4.290171606864275e-05,LOW,0.0,0.0,0.4049999999999432,69.97499974,4.3e-05,0.0,0.0,4.3e-05,False,4,MEDIUM,limited flood evidence,"Low flood risk in Mainpuri, Uttar Pradesh. Probability: 0.0%."
Uttar Pradesh,Muzaffarnagar,4.290171606864275e-05,LOW,0.0,0.0,0.1800000000000035,28.40999948,4.3e-05,0.0,0.0,4.3e-05,False,4,MEDIUM,limited flood evidence,"Low flood risk in Muzaffarnagar, Uttar Pradesh. Probability: 0.0%."
Madhya Pradesh,Katni,4.290171606864275e-05,LOW,0.195,1.1099999999997727,7.954999800000341,64.45999740999999,4.3e-05,0.0,0.0,4.3e-05,False,4,MEDIUM,limited flood evidence,"Low flood risk in Katni, Madhya Pradesh. Probability: 0.0%."
Assam,Bongaigaon,4.290171606864275e-05,LOW,0.0,0.0949999999999431,0.1949999939995452,147.839990944,4.3e-05,0.0,0.0,4.3e-05,False,4,MEDIUM,limited flood evidence,"Low flood risk in Bongaigaon, Assam. Probability: 0.0%."
Himachal Pradesh,Una,4.290171606864275e-05,LOW,0.0,0.0,0.43499997,42.51499966,4.3e-05,0.0,0.0,4.3e-05,False,4,MEDIUM,limited flood evidence,"Low flood risk in Una, Himachal Pradesh. Probability: 0.0%."
Himachal Pradesh,Hamirpur,4.290171606864275e-05,LOW,0.0,0.0599999979998863,0.069999998,32.429997898,4.3e-05,0.0,0.0,4.3e-05,False,4,MEDIUM,limited flood evidence,"Low flood risk in Hamirpur, Himachal Pradesh. Probability: 0.0%."
Assam,Kokrajhar,4.290171606864275e-05,LOW,0.0,0.0,0.3000000000009095,86.679999475,4.3e-05,0.0,0.0,4.3e-05,False,4,MEDIUM,limited flood evidence,"Low flood risk in Kokrajhar, Assam. Probability: 0.0%."
Assam,Marigaon,4.290171606864275e-05,LOW,0.0,0.0,0.0,36.069999886,4.3e-05,0.0,0.0,4.3e-05,False,4,MEDIUM,limited flood evidence,"Low flood risk in Marigaon, Assam. Probability: 0.0%."
Jammu and Kashmir,Pulwama,4.290171606864275e-05,LOW,0.0,0.0,0.0449999979998898,17.954999788000002,4.3e-05,0.0,0.0,4.3e-05,False,4,MEDIUM,limited flood evidence,"Low flood risk in Pulwama, Jammu and Kashmir. Probability: 0.0%."
Jammu and Kashmir,Punch,4.290171606864275e-05,LOW,0.71,1.184999989999531,1.809999990000014,148.14999752999998,4.3e-05,0.0,0.0,4.3e-05,False,4,MEDIUM,limited flood evidence,"Low flood risk in Punch, Jammu and Kashmir. Probability: 0.0%."
Uttar Pradesh,Mahoba,4.290171606864275e-05,LOW,0.0,0.0,5.579999989999801,80.82999688999999,4.3e-05,0.0,0.0,4.3e-05,False,4,MEDIUM,limited flood evidence,"Low flood risk in Mahoba, Uttar Pradesh. Probability: 0.0%."
Uttar Pradesh,Kushinagar,4.290171606864275e-05,LOW,0.0,0.0,0.0749999959996589,93.42999589299998,4.3e-05,0.0,0.0,4.3e-05,False,4,MEDIUM,limited flood evidence,"Low flood risk in Kushinagar, Uttar Pradesh. Probability: 0.0%."
Himachal Pradesh,Bilaspur,4.290171606864275e-05,LOW,0.0,0.0,0.0,47.48500181,4.3e-05,0.0,0.0,4.3e-05,False,4,MEDIUM,limited flood evidence,"Low flood risk in Bilaspur, Himachal Pradesh. Probability: 0.0%."
Uttar Pradesh,Firozabad,4.290171606864275e-05,LOW,0.0,0.0,1.5999999000009095,127.63499286,4.3e-05,0.0,0.0,4.3e-05,False,4,MEDIUM,limited flood evidence,"Low flood risk in Firozabad, Uttar Pradesh. Probability: 0.0%."
Haryana,Sonepat,3.563218390804598e-05,LOW,0.074999996,0.0799999959990905,1.674999996,425.689977286,3.6e-05,0.0,0.0,3.6e-05,False,4,MEDIUM,limited flood evidence,"Low flood risk in Sonepat, Haryana. Probability: 0.0%."
Bihar,Munger,1.774447949526814e-05,LOW,0.33499998,4.144999879999886,9.659999110000058,62.2549983,1.8e-05,0.0,0.0,1.8e-05,False,4,MEDIUM,limited flood evidence,"Low flood risk in Munger, Bihar. Probability: 0.0%."
Uttar Pradesh,Ghazipur,1.774447949526814e-05,LOW,0.80999994,5.329999940000116,13.684999090000002,77.93999649,1.8e-05,0.0,0.0,1.8e-05,False,4,MEDIUM,limited flood evidence,"Low flood risk in Ghazipur, Uttar Pradesh. Probability: 0.0%."
Tamil Nadu,Theni,1.6904583020285498e-05,LOW,0.01,0.01,67.44999999999989,111.924997978,1.7e-05,0.0,0.0,1.7e-05,False,4,MEDIUM,limited flood evidence,"Low flood risk in Theni, Tamil Nadu. Probability: 0.0%."
Uttar Pradesh,Varanasi,0.0,LOW,0.0,0.0,0.04,6.834999467,0.0,0.0,0.0,0.0,False,4,MEDIUM,limited flood evidence,"Low flood risk in Varanasi, Uttar Pradesh. Probability: 0.0%."
Manipur,West Imphal,0.0,LOW,0.155,1.4649999599999752,3.2899999299999467,10.624999707,0.0,0.0,0.0,0.0,False,4,MEDIUM,limited flood evidence,"Low flood risk in West Imphal, Manipur. Probability: 0.0%."
Manipur,Bishnupur,0.0,LOW,0.0,0.0,3.0099999999998577,25.31499995,0.0,0.0,0.0,0.0,False,4,MEDIUM,limited flood evidence,"Low flood risk in Bishnupur, Manipur. Probability: 0.0%."
Chandigarh,Chandigarh,0.0,LOW,0.0,0.0,0.0,61.620006786,0.0,0.0,0.0,0.0,False,4,MEDIUM,limited flood evidence,"Low flood risk in Chandigarh, Chandigarh. Probability: 0.0%."
Bihar,Sheikhpura,0.0,LOW,0.0,0.0,0.0,1.24500004,0.0,0.0,0.0,0.0,False,4,MEDIUM,limited flood evidence,"Low flood risk in Sheikhpura, Bihar. Probability: 0.0%."
Manipur,Thoubal,0.0,LOW,0.0,0.044999997999928,0.5199999579999431,9.399999518,0.0,0.0,0.0,0.0,False,4,MEDIUM,limited flood evidence,"Low flood risk in Thoubal, Manipur. Probability: 0.0%."
Punjab,Nawan Shehar,0.0,LOW,0.04,0.0399999999995452,0.0399999999997655,76.02999865999999,0.0,0.0,0.0,0.0,False,4,MEDIUM,limited flood evidence,"Low flood risk in Nawan Shehar, Punjab. Probability: 0.0%."
Nagaland,Mokokchung,0.0,LOW,0.0,0.0,0.4449999999997158,20.739998587,0.0,0.0,0.0,0.0,False,4,MEDIUM,limited flood evidence,"Low flood risk in Mokokchung, Nagaland. Probability: 0.0%."
Bihar,Nalanda,0.0,LOW,0.38,1.4899998999998845,5.0999998,60.369997,0.0,0.0,0.0,0.0,False,4,MEDIUM,limited flood evidence,"Low flood risk in Nalanda, Bihar. Probability: 0.0%."
Uttaranchal,Udham Singh Nagar,0.0,LOW,0.0,0.4999999700002274,0.49999997,93.37999882,0.0,0.0,0.0,0.0,False,4,MEDIUM,limited flood evidence,"Low flood risk in Udham Singh Nagar, Uttaranchal. Probability: 0.0%."
West Bengal,Dakshin Dinajpur,0.0,LOW,0.16999999,1.089999989999979,1.27999998,4.739999937,0.0,0.0,0.0,0.0,False,4,MEDIUM,limited flood evidence,"Low flood risk in Dakshin Dinajpur, West Bengal. Probability: 0.0%."
West Bengal,Darjiling,0.0,LOW,0.13,0.5199999599995169,1.3449999600002274,35.514999467,0.0,0.0,0.0,0.0,False,4,MEDIUM,limited flood evidence,"Low flood risk in Darjiling, West Bengal. Probability: 0.0%."
Uttaranchal,Champawat,0.0,LOW,0.0,0.0,0.0149999999999431,16.48499899000023,0.0,0.0,0.0,0.0,False,4,MEDIUM,limited flood evidence,"Low flood risk in Champawat, Uttaranchal. Probability: 0.0%."
Bihar,Jehanabad,0.0,LOW,0.0,0.0,0.3149999999998854,12.605000263,0.0,0.0,0.0,0.0,False,4,MEDIUM,limited flood evidence,"Low flood risk in Jehanabad, Bihar. Probability: 0.0%."
Bihar,Khagaria,0.0,LOW,0.11000001,0.6250000100000456,1.36500002,3.050000026,0.0,0.0,0.0,0.0,False,4,MEDIUM,limited flood evidence,"Low flood risk in Khagaria, Bihar. Probability: 0.0%."
Bihar,Lakhisarai,0.0,LOW,0.13,1.989999880000114,3.379999839999659,16.139999529,0.0,0.0,0.0,0.0,False,4,MEDIUM,limited flood evidence,"Low flood risk in Lakhisarai, Bihar. Probability: 0.0%."
Meghalaya,South Garo Hills,0.0,LOW,0.044999998,0.0699999970000415,0.2649999859999928,1.224999971,0.0,0.0,0.0,0.0,False,4,MEDIUM,limited flood evidence,"Low flood risk in South Garo Hills, Meghalaya. Probability: 0.0%."
Tamil Nadu,Virudhunagar,0.0,LOW,0.0,0.0,0.7349999600004617,6.30499981,0.0,0.0,0.0,0.0,False,4,MEDIUM,limited flood evidence,"Low flood risk in Virudhunagar, Tamil Nadu. Probability: 0.0%."
Jharkhand,Sahibganj,0.0,LOW,0.095,0.4600000000001136,4.774999630000005,35.449998276,0.0,0.0,0.0,0.0,False,4,MEDIUM,limited flood evidence,"Low flood risk in Sahibganj, Jharkhand. Probability: 0.0%."
Gujarat,Anand,0.0,LOW,0.86999995,1.069999954,3.1249999540000566,8.769999842,0.0,0.0,0.0,0.0,False,4,MEDIUM,limited flood evidence,"Low flood risk in Anand, Gujarat. Probability: 0.0%."
Jammu and Kashmir,Srinagar,0.0,LOW,0.0,3.4549999999999743,4.115000019999943,13.39000001,0.0,0.0,0.0,0.0,False,4,MEDIUM,limited flood evidence,"Low flood risk in Srinagar, Jammu and Kashmir. Probability: 0.0%."
Bihar,Bhagalpur,0.0,LOW,0.74,2.804999900000086,6.974999650000001,52.2249972,0.0,0.0,0.0,0.0,False,4,MEDIUM,limited flood evidence,"Low flood risk in Bhagalpur, Bihar. Probability: 0.0%."
Madhya Pradesh,Gwalior,0.0,LOW,0.585,3.364999929999972,7.23999981,55.46499683,0.0,0.0,0.0,0.0,False,4,MEDIUM,limited flood evidence,"Low flood risk in Gwalior, Madhya Pradesh. Probability: 0.0%."
Madhya Pradesh,Datia,0.0,LOW,0.19999999,1.579999930000341,1.9099999299997763,5.60499988,0.0,0.0,0.0,0.0,False,4,MEDIUM,limited flood evidence,"Low flood risk in Datia, Madhya Pradesh. Probability: 0.0%."
Sikkim,South Sikkim,0.0,LOW,0.0,0.0299999999999715,0.07,1.994999964,0.0,0.0,0.0,0.0,False,4,MEDIUM,limited flood evidence,"Low flood risk in South Sikkim, Sikkim. Probability: 0.0%."
Sikkim,East,0.0,LOW,0.01,0.2299999700000035,0.3249999680000002,3.284999889,0.0,0.0,0.0,0.0,False,4,MEDIUM,limited flood evidence,"Low flood risk in East, Sikkim. Probability: 0.0%."
Bihar,Buxar,0.0,LOW,0.0,0.5100000000000529,2.104999969999973,19.834999663,0.0,0.0,0.0,0.0,False,4,MEDIUM,limited flood evidence,"Low flood risk in Buxar, Bihar. Probability: 0.0%."
Sikkim,West Sikkim,0.0,LOW,0.14999999,0.4899999950000498,1.0349999650000004,8.194999794,0.0,0.0,0.0,0.0,False,4,MEDIUM,limited flood evidence,"Low flood risk in West Sikkim, Sikkim. Probability: 0.0%."
Tamil Nadu,Chennai,0.0,LOW,0.0,0.0,0.6099999999999999,1.7099999599999998,0.0,0.0,0.0,0.0,False,4,MEDIUM,limited flood evidence,"Low flood risk in Chennai, Tamil Nadu. Probability: 0.0%."
Tamil Nadu,Ariyalur,0.0,LOW,0.0,0.0,1.2099999999999929,126.45999736,0.0,0.0,0.0,0.0,False,4,MEDIUM,limited flood evidence,"Low flood risk in Ariyalur, Tamil Nadu. Probability: 0.0%."
Kerala,Kottayam,0.0,LOW,0.0,0.0,0.0,4.844999959999773,0.0,0.0,0.0,0.0,False,4,MEDIUM,limited flood evidence,"Low flood risk in Kottayam, Kerala. Probability: 0.0%."
Goa,North Goa,0.0,LOW,0.0,0.0,8.879999760000029,149.11499641,0.0,0.0,0.0,0.0,False,4,MEDIUM,limited flood evidence,"Low flood risk in North Goa, Goa. Probability: 0.0%."
Dadra and Nagar Haveli,Dadra and Nagar Haveli,0.0,LOW,0.0,0.0049999999999964,3.4849996,20.56999893,0.0,0.0,0.0,0.0,False,4,MEDIUM,limited flood evidence,"Low flood risk in Dadra and Nagar Haveli, Dadra and Nagar Haveli. Probability: 0.0%."
Bihar,Bhojpur,0.0,LOW,0.01,0.1200000000000569,0.7399999819998873,7.974999918000001,0.0,0.0,0.0,0.0,False,4,MEDIUM,limited flood evidence,"Low flood risk in Bhojpur, Bihar. Probability: 0.0%."
Bihar,Begusarai,0.0,LOW,0.06,0.060000000000007,0.454999988,3.3649998480000005,0.0,0.0,0.0,0.0,False,4,MEDIUM,limited flood evidence,"Low flood risk in Begusarai, Bihar. Probability: 0.0%."
Assam,Nalbari,0.0,LOW,0.0,0.0,0.3249999999997726,39.19499869,0.0,0.0,0.0,0.0,False,4,MEDIUM,limited flood evidence,"Low flood risk in Nalbari, Assam. Probability: 0.0%."
Tamil Nadu,Perambalur,0.0,LOW,0.0,0.0,7.075,20.9,0.0,0.0,0.0,0.0,False,4,MEDIUM,limited flood evidence,"Low flood risk in Perambalur, Tamil Nadu. Probability: 0.0%."
Jharkhand,Lohardaga,0.0,LOW,0.0,1.054999969999888,2.4749999700000016,4.424999939999887,0.0,0.0,0.0,0.0,False,4,MEDIUM,limited flood evidence,"Low flood risk in Lohardaga, Jharkhand. Probability: 0.0%."
Haryana,Fatehabad,0.0,LOW,0.0,0.0,0.0399999999999431,16.204998755000002,0.0,0.0,0.0,0.0,False,4,MEDIUM,limited flood evidence,"Low flood risk in Fatehabad, Haryana. Probability: 0.0%."
Jammu and Kashmir,Bagdam,0.0,LOW,0.01,0.0549999980000568,0.099999996,7.589999696,0.0,0.0,0.0,0.0,False,4,MEDIUM,limited flood evidence,"Low flood risk in Bagdam, Jammu and Kashmir. Probability: 0.0%."
Uttar Pradesh,Hathras,0.0,LOW,0.03,0.1349999960005684,0.154999996,29.399996894,0.0,0.0,0.0,0.0,False,4,MEDIUM,limited flood evidence,"Low flood risk in Hathras, Uttar Pradesh. Probability: 0.0%."
Uttar Pradesh,Hamirpur,0.0,LOW,0.255,2.734999850000313,5.1099997,42.544999068,0.0,0.0,0.0,0.0,False,4,MEDIUM,limited flood evidence,"Low flood risk in Hamirpur, Uttar Pradesh. Probability: 0.0%."
Uttar Pradesh,Kaushambi,0.0,LOW,0.0,0.0449999979997726,0.224999988,12.079999638,0.0,0.0,0.0,0.0,False,4,MEDIUM,limited flood evidence,"Low flood risk in Kaushambi, Uttar Pradesh. Probability: 0.0%."
Haryana,Jind,0.0,LOW,0.0,0.0,0.0099999999995452,19.904998689,0.0,0.0,0.0,0.0,False,4,MEDIUM,limited flood evidence,"Low flood risk in Jind, Haryana. Probability: 0.0%."
Haryana,Rewari,0.0,LOW,0.0,0.0,0.13499999,0.379999975,0.0,0.0,0.0,0.0,False,4,MEDIUM,limited flood evidence,"Low flood risk in Rewari, Haryana. Probability: 0.0%."
Haryana,Panipat,0.0,LOW,0.0,0.0,0.0,3.29999974,0.0,0.0,0.0,0.0,False,4,MEDIUM,limited flood evidence,"Low flood risk in Panipat, Haryana. Probability: 0.0%."
Uttar Pradesh,Sant Ravi Das Nagar,0.0,LOW,0.0,0.0,0.3449999999998507,12.7850001,0.0,0.0,0.0,0.0,False,4,MEDIUM,limited flood evidence,"Low flood risk in Sant Ravi Das Nagar, Uttar Pradesh. Probability: 0.0%."
Andhra Pradesh,Hyderabad,0.0,LOW,0.0,0.0,1.9950000999999928,6.2750001300000005,0.0,0.0,0.0,0.0,False,4,MEDIUM,limited flood evidence,"Low flood risk in Hyderabad, Andhra Pradesh. Probability: 0.0%."
